-0.10342530205433091	-1.3528248099081164	-0.17036895369953323	-0.8276804590542972	-0.16628895338003616	-1.413611976732227	-1.3528248099081153
1.250882350600402	-0.5719396161280662	1.7553359532855162	-0.829772145376195	-0.12539888639580363	0.13090599906780698	-0.5719396161280654
-0.512404578140784	0.592808226826816	0.3967907293787939	0.05346340889292751	-0.01645610179105582	0.13090599906780698	0.5928082268268162
-0.8044441220833454	-0.08804533051630692	0.04945873345086329	-0.3410638397631204	0.6666394335939427	0.13090599906780698	-0.08804533051630636
-0.78499637725102	0.2510723974975147	0.3718472181729306	0.655810295327658	0.4745936868081148	0.13090599906780698	0.251072397497515
-0.1295232678349186	0.23727581250715413	-1.5577328843359677	-0.9148688116450052	-0.6109329594730166	0.13090599906780698	0.23727581250715463
1.2369565176587094	-0.3111211684501295	0.237639049513339	2.4670737267456873	1.693314961496483	-1.413611976732227	-0.3111211684501288
0.8637014775327221	-1.444184456458193	-1.1975798089039413	0.09919152647896465	-0.540940467769909	0.13090599906780698	-1.4441844564581916
0.3115700302980687	1.2532075544385568	-1.3161119010066102	0.6478969219513387	0.0827108096071155	1.0576167845478273	1.2532075544385568
0.1005495689952906	-0.39904466923472454	1.530039723871259	-0.735002869494241	-0.8165582653936486	-1.413611976732227	-0.3990446692347238
0.2931946591674858	1.4328734650123414	-0.5829559451068719	-0.6052441583779072	0.09867343216045513	-1.413611976732227	1.432873465012342
-0.985529123803027	-0.4202441265338305	-0.6193480477878228	-0.903992166408652	0.47470601648000943	0.13090599906780698	-0.42024412653382975
0.42063268102860496	-1.3572597120674417	1.9570237458806101	-0.35650150266913244	0.22218863183747015	-1.413611976732227	-1.3572597120674408
1.198685887928556	1.5960513430893344	-1.5317166791288583	-0.6346816547282549	-0.3515403773315426	0.13090599906780698	1.596051343089334
0.7108631755982585	2.316528007192062	-1.633005022752072	-0.5420426232109696	0.3651115285522193	1.0576167845478273	2.316528007192062
0.09151934047170215	-1.0560498780096859	-0.003923951775894125	-0.562055650032969	-0.3699476000506629	0.13090599906780698	-1.0560498780096852
0.42548674285172855	-0.676700158275762	0.13235940290344983	-0.46702028626121644	-0.09060962142703036	0.13090599906780698	-0.6767001582757612
-2.2300516814365614	-0.889321973088085	0.39644284441106614	2.242388605710349	-1.4337946199167275	0.13090599906780698	-0.889321973088084
-0.11903934084729367	1.3404016861723813	0.31107344227890277	-0.8279659564694192	2.19116021776897	1.0576167845478273	1.3404016861723813
0.13866151131883542	-0.5707394998215777	-0.2135043649663101	-0.7506986030571899	-1.7202640110344034	-1.413611976732227	-0.5707394998215769
-0.8768154815544577	-1.1944723399765065	1.796064379026591	-0.5686500010445867	0.20682650454190343	-1.413611976732227	-1.1944723399765054
0.5619499064429763	-0.3021377405651996	1.881180622721767	-0.22687810039999817	0.3515133047700553	1.0576167845478273	-0.30213774056519893
1.3129814295046813	0.5444820523708149	-0.8643781949922253	-0.4090277137426558	-0.478758568567539	1.0576167845478273	0.5444820523708154
1.1015902378156692	2.9202284148618376	0.054831079158830065	-0.0893200507341094	-1.4720229871595323	0.13090599906780698	2.920228414861837
-0.11445894868411609	0.6467577403895771	1.1876700677987597	-0.41229131860312096	1.5149253059361925	0.13090599906780698	0.6467577403895771
-0.37730492507154484	-0.6819023669664313	0.8635101995728585	-0.626466145634703	0.2010750121664801	0.13090599906780698	-0.6819023669664305
-0.8621542095266743	-0.8046765286238159	-1.2711126376151118	0.0211446101315272	-0.2417525226030224	1.0576167845478273	-0.8046765286238149
-0.08021550029112919	-0.7082537646714887	-0.5011803784318963	0.21724110024862958	0.33771559268557017	-1.413611976732227	-0.7082537646714878
-0.29973809955406966	-0.6345348336833163	-0.6443292507596668	-0.88689565047724	0.2102611584257869	1.0576167845478273	-0.6345348336833155
-1.9147452925625057	-0.6507642754671185	1.2599637341303833	-0.8118330658821017	-5.037057172642506	1.0576167845478273	-0.6507642754671176
-0.4774190786026144	-1.2637495873806417	-0.0035134248962540287	0.7878299790038722	0.1688063625561571	0.13090599906780698	-1.2637495873806406
0.5697409874126971	1.6628452523259374	1.0948479740008124	1.6847689478154633	-0.05812551508505657	-1.413611976732227	1.6628452523259376
-0.004385672041969185	0.06627311298743015	-0.8843189657395643	-0.3476065919794644	-0.5464213782099344	1.0576167845478273	0.06627311298743059
-1.3770871827679942	-0.1346433355335002	0.30632579616952665	-0.5252027036938732	0.44639180821509367	-1.413611976732227	-0.13464333553349964
-0.4379776622825735	0.5566751861137061	-1.0200263714527826	0.8668738680650938	0.09969882939193264	0.13090599906780698	0.5566751861137068
0.32997413645385976	-1.6217311039560107	-1.7855219078158984	-0.7790934982195091	-0.3246245669738004	1.0576167845478273	-1.6217311039560094
-0.11892778549661763	0.3984708222030455	0.2805118715313612	0.8517780750226237	-0.4438770296276498	1.0576167845478273	0.39847082220304597
-1.1397159652674587	-0.18237313914897155	0.01862154750723052	0.008719151913080007	-0.5159870308837144	0.13090599906780698	-0.18237313914897094
-1.7231188982169288	-1.1018541982675891	-0.024385900690503753	-0.6640197309472545	0.30369802689543457	0.13090599906780698	-1.101854198267588
0.9168316859838366	0.6813641065662305	0.3033668107610908	-0.30872580948228884	-0.3784875643550751	1.0576167845478273	0.6813641065662307
-0.29015333717232733	-1.2299682399712224	-2.0717235356992476	-0.4444505217083653	0.6483418931710272	-1.413611976732227	-1.2299682399712215
-1.5441862622484281	-0.06310272905033008	-2.1174100734667483	-0.059665620579673055	0.8160311372739959	-1.413611976732227	-0.06310272905032958
-0.9146620906751871	-1.1988662467597802	-1.7246388854865335	-0.6773066957616505	-0.39422503537811243	0.13090599906780698	-1.1988662467597793
0.632524653323405	-0.9706785986218073	-2.0745894999322028	-0.05669968584719945	-0.23189060445651455	-1.413611976732227	-0.9706785986218062
-0.8344614016936565	-1.350030455566039	0.9687881392738639	-0.5588872343901401	-0.13550666483125187	0.13090599906780698	-1.350030455566038
-0.9121219225126086	-0.46997306592486643	1.1951968895169174	0.2634974044071177	-0.1958161935158606	1.0576167845478273	-0.4699730659248657
1.323656030066577	1.297308414593978	0.403104031328399	-0.08976679454622553	0.4298619803649867	0.13090599906780698	1.297308414593978
-0.8665701730762585	-0.03257785036281209	1.0611170714562874	-0.8188019846197861	-0.424982422706142	0.13090599906780698	-0.032577850362811536
-1.5751529340464976	0.03212583647081445	-0.2972120948109338	0.7913110036986089	-1.0603821398639093	0.13090599906780698	0.03212583647081489
-0.8959044763065336	0.5582043144247677	-1.51628163629723	-0.4469490183979183	-0.06510501372351903	-1.413611976732227	0.5582043144247679
-1.1869925298503265	0.24120753986768118	-0.40801269689129765	-0.9104308921877955	-0.2048157362344995	-1.413611976732227	0.24120753986768145
-0.031269008440475116	0.13964302043576232	0.6807889931980574	-0.4306204471898488	-0.6125163548249597	0.13090599906780698	0.13964302043576304
1.5016944394075757	0.8405402431797806	-0.4775357737160849	0.6481852227198661	-1.4397496636565474	-1.413611976732227	0.8405402431797813
1.0839192833933573	-1.4422182562596781	-1.0434179919107396	-0.6338345434218469	-0.2160193306358704	0.13090599906780698	-1.4422182562596773
0.2222883119327099	0.691000284302783	-0.8136972882947009	-0.8269465474528098	-0.6617362137066698	0.13090599906780698	0.6910002843027835
1.2074527071139913	0.3183331754983035	-0.18364358852523435	-0.0651533903866896	0.3464724297594076	1.0576167845478273	0.3183331754983039
-0.3005475749202423	-0.6581068939756191	0.8395604804747248	-0.8307866271215255	0.1775246713456812	-1.413611976732227	-0.6581068939756182
0.19347009841096308	0.7947706371983065	-1.7687094628908353	0.7999352848032476	-0.02281718857235545	0.13090599906780698	0.7947706371983068
-0.8220794279130068	-0.565906127258379	0.46664787360931254	-0.33929793974210065	0.47417922556289305	1.0576167845478273	-0.5659061272583783
0.05123732131375555	0.5454449900755827	1.1054900343621241	0.813802427136664	-0.255358263551943	1.0576167845478273	0.5454449900755832
-2.3852409089904576	-1.058885291119636	0.5803344644618987	0.16667173329362292	3.880942632191857	-1.413611976732227	-1.0588852911196351
-1.246867182530134	-0.9501446056751458	-0.5442256943203546	-0.8055323643746568	-1.0027467431930457	-1.413611976732227	-0.9501446056751448
-2.330615988870659	-0.7310101643071696	0.40675517346588136	-0.35641568199475737	-0.1366397685510697	0.13090599906780698	-0.7310101643071688
-0.14414324328769187	-1.1374052993680324	-0.2595317892500322	-0.2091047488219534	0.21141000899137624	-1.413611976732227	-1.137405299368031
0.7108986328612127	1.7913719960241068	-0.8467615114476059	-0.5757834253778883	0.35316097574836997	-1.413611976732227	1.7913719960241068
1.108926188452058	2.1648406831423936	-1.0751931368328966	-0.37557457850225656	-1.2376191785184145	0.13090599906780698	2.1648406831423945
-0.05139006935106625	0.3150004548246154	1.5802451636656276	0.17445404217851368	-0.035424917367080096	1.0576167845478273	0.315000454824616
1.6530895925185771	1.215022052332029	-0.10435742795974418	-0.6662322933455173	-0.7715580903748739	1.0576167845478273	1.215022052332029
0.21958778060566506	0.35899898917800244	-1.634436102346474	-0.8923535050396353	-0.060538123047285695	-1.413611976732227	0.35899898917800294
-0.41448902942724286	-0.9470687545745494	-0.6205629417252825	-0.3292517305923175	0.2568759631565385	-1.413611976732227	-0.9470687545745485
-0.037272895231830014	-1.1090382450321432	-2.509815818169087	-0.38458047097570003	0.39425146869093086	-1.413611976732227	-1.109038245032142
-0.641290956929637	-0.786218767021877	-0.30472317306667834	0.262620328880885	0.011595690084460741	-1.413611976732227	-0.7862187670218762
1.0936514770812675	1.177185907731551	-0.2410650702831545	-0.431097668698095	-0.4393817987921273	1.0576167845478273	1.1771859077315516
0.6269445300083656	-1.43775921779104	-0.35891506100961246	-0.7822738027668228	0.664441515695682	-1.413611976732227	-1.437759217791039
1.2519464143351924	0.7859383475595256	-1.1806117782727314	-0.907565226422673	-0.9038974520169011	0.13090599906780698	0.7859383475595259
-0.08451834141358562	-0.8604013755396492	-0.3137318713677324	-0.891769426122137	1.6634118109744063	-1.413611976732227	-0.8604013755396483
0.22538960825993173	-0.6164646584152009	-0.4276261314332238	-0.7483764079129261	0.0407780738659366	1.0576167845478273	-0.6164646584152002
1.5221497752475681	0.1795789964125346	-0.979328959539773	-0.7739169499514522	-0.2529142037873997	1.0576167845478273	0.179578996412535
0.9009655051924064	-0.3187893661247236	-1.6977604146066416	0.4601486878462266	0.27963314704165926	-1.413611976732227	-0.3187893661247229
0.212894738990691	0.05222730639653642	0.9846092004214585	-0.06277656223745443	0.6549199629393824	0.13090599906780698	0.05222730639653693
-0.18022130377401938	-1.3402758201504021	-2.2232971553800027	-0.22972468382091185	-0.5409111148795189	-1.413611976732227	-1.3402758201504013
2.016545457543704	2.9528598467093943	0.9471570032287678	1.286238811184878	0.09946475956985702	-1.413611976732227	2.9528598467093947
0.9640275562106813	-1.1242363518486407	-1.898329163116679	-0.1700416945774618	-0.47530545463453905	-1.413611976732227	-1.1242363518486396
-1.1737059252141362	0.8788235151442435	-0.6185110545443604	-0.8201873068150619	-0.2923254725237675	0.13090599906780698	0.8788235151442437
0.4335136498699433	0.0816330386466062	-0.923167088399517	-0.1414390239829501	1.0251014669842813	0.13090599906780698	0.08163303864660677
-0.2862966151643561	0.2824853697748761	0.7989468509458784	-0.694520303770692	0.22438606803908434	0.13090599906780698	0.28248536977487637
0.3798124289269215	1.7978057629512392	1.1786423544920177	0.33417364914691217	0.7212591189195827	1.0576167845478273	1.7978057629512396
-1.1588672435977583	-0.18903636085691003	-2.038116089057312	1.0863071515623135	0.03404060600998389	0.13090599906780698	-0.1890363608569093
2.0697498235926806	0.643980764870778	0.8569199402841616	0.11653255219396585	-0.0019570122280247477	0.13090599906780698	0.6439807648707784
-1.318251052200526	-1.0860657485129308	-2.138866912890179	-0.04585771505988854	-0.3958740242351512	0.13090599906780698	-1.0860657485129301
-1.0215628776684955	-1.2473705861427204	-1.2656418022709268	-0.8749514770322765	0.24293089085293582	1.0576167845478273	-1.2473705861427196
1.845128313968515	1.0694923344731309	-1.2997865245007645	-0.38939406132195253	0.29861330894904736	1.0576167845478273	1.0694923344731309
1.0093425136907468	-0.8153901703496406	0.18914626618265004	-0.26817239410187227	-0.501332773294065	-1.413611976732227	-0.8153901703496397
-0.7922139227527067	-0.8946837782506403	-0.22522163467587525	-0.05718335139302424	-0.6249295261223039	-1.413611976732227	-0.8946837782506394
0.06482600012984759	1.8535078598872128	-0.5328422773605274	1.5371879386830711	1.1961387918996118	0.13090599906780698	1.8535078598872134
-0.38888295157623926	-1.2327295987727391	1.6042923541048097	0.29642765461296894	-0.0001370902284577106	1.0576167845478273	-1.2327295987727378
1.370946698448259	-0.12313611491758782	-0.619860275777945	0.09736508182018318	-0.7024288246829384	-1.413611976732227	-0.12313611491758725
1.0717478795045052	-1.34332830191944	-0.5380213641709176	-0.8377133173250512	-0.5194123003289557	1.0576167845478273	-1.3433283019194389
1.1973980786251772	1.9148963519794322	-0.6389775137714384	0.5051700809370541	0.09324353371175595	1.0576167845478273	1.9148963519794318
0.019171377092416692	0.5917196651333093	-0.1946869284524006	-0.7183959680787351	-0.9900180663020781	-1.413611976732227	0.5917196651333098
-1.1227054579990643	1.2232441239195948	1.0178881620631786	-0.2266853387940829	0.32515303997649925	1.0576167845478273	1.2232441239195957
-1.5219317987317296	-0.21960607314304384	-0.08564227015372257	0.3410412921679999	0.8486827137342143	1.0576167845478273	-0.21960607314304326
0.3706574393220672	0.2199867848166454	-0.7889984076331003	-0.42086221705161353	0.7695420485977102	1.0576167845478273	0.2199867848166459
-0.1636711043675283	-0.029564578364611124	1.9863372149328198	-0.46028092003055593	0.9177801576363936	1.0576167845478273	-0.02956457836461054
0.9585779257242013	1.059796642553161	0.35134960164143453	-0.9142750885185785	-0.5449547722383693	1.0576167845478273	1.0597966425531613
-2.270767945044227	-0.47489302549943624	2.029582211287877	0.2830159029821766	-0.6513894655192967	0.13090599906780698	-0.4748930254994355
-0.8181780374337487	-0.052584451616180486	0.8218256226185972	-0.6533859584847131	-0.18081824317661283	1.0576167845478273	-0.05258445161617996
-0.016020937266619833	-0.24834863667991036	-0.8087542988836542	-0.7499756062955516	-1.2957366590396555	1.0576167845478273	-0.24834863667990972
-1.196689599565918	-0.5304678036229992	-0.3192129803893621	0.6597940206510962	-1.3667427146327438	1.0576167845478273	-0.5304678036229984
-0.24831004876703902	1.045158924769397	0.6983760473530753	-0.5245474376688352	-1.5805030166294312	-1.413611976732227	1.0451589247693975
-0.1711714402538445	-0.39424287400638935	0.9371871536244878	0.24453862327683767	-0.46611478960962915	0.13090599906780698	-0.39424287400638863
-1.1512706058570576	-0.31871743855591456	-0.7289853701521678	-0.29426940953178704	0.18172804337722698	-1.413611976732227	-0.31871743855591383
0.2730159068505	0.038427569105906015	-0.7380774393685182	0.4684431366570465	-0.4527798754082441	1.0576167845478273	0.03842756910590653
1.730004615508027	0.6347082566837442	0.22605386104724287	-0.512214770782658	-0.08703986125339612	-1.413611976732227	0.6347082566837442
1.1643433522567654	-0.3702733582839272	0.7229662642293636	-0.795096626431936	0.26428279714492664	0.13090599906780698	-0.37027335828392655
0.6207322898081675	0.03338291060011841	-2.469263894620949	0.1129461457278676	0.05835431541127882	-1.413611976732227	0.03338291060011893
0.03900685416858175	0.718006129620965	-0.8976394040880677	0.1198737347048869	0.7826194747934611	1.0576167845478273	0.7180061296209654
-1.4904801413241224	-0.4480133749741791	-0.6878389031511474	0.08714003448898215	-0.6656274763941015	0.13090599906780698	-0.44801337497417837
-1.5142759041997944	-1.2601203391797458	0.963261798027166	0.6891273284988573	-0.025482484143881722	1.0576167845478273	-1.2601203391797446
0.8120855114969294	1.4096449453356918	1.4565748502838707	-0.8822600169876624	-0.19564484781387265	0.13090599906780698	1.4096449453356925
-2.3412650868501452	-0.14956242564402744	0.01185060011854479	-0.9233974905501805	-1.0630980838104724	-1.413611976732227	-0.14956242564402686
-1.4953292065276478	-1.0511364549280262	-1.3947648321906168	-0.2459954089957796	0.2006808988348554	1.0576167845478273	-1.0511364549280255
1.3352413536251808	0.2997554827477308	-1.8709906089344919	-0.7866690011509628	-0.19530029074687372	0.13090599906780698	0.29975548274773106
0.9238235832732286	-0.3735600989998247	-0.0981865281906252	-0.792832306943489	-0.16106868969624083	0.13090599906780698	-0.373560098999824
0.7206601836828733	-0.20276314571620682	-0.2914908840711211	-0.48069146483209896	0.18965817672175264	-1.413611976732227	-0.20276314571620618
-0.9295173876139872	-0.9274270420458012	-0.20479897043459472	-0.901691517673031	0.2415229633803186	0.13090599906780698	-0.9274270420458002
-0.5419160178964195	-0.329387339021801	-0.13328192543461237	0.30740067323458387	0.3296163000074074	1.0576167845478273	-0.3293873390218003
0.14303402427574852	-0.08670073436031278	0.31896363842280806	-0.34007341458011914	0.2276901070351646	1.0576167845478273	-0.08670073436031223
1.2061044912174184	0.24581425463981416	-0.9000682944478458	-0.7862119475946684	-1.3527089504389034	1.0576167845478273	0.2458142546398147
0.24776547293561277	0.9556321300952612	0.2341203054929331	-0.6327596620206573	0.08379225373993981	-1.413611976732227	0.9556321300952616
0.7974169843060325	-0.3229488335496089	-0.24082332479768628	1.8948444430427922	-2.8302929144547395	0.13090599906780698	-0.32294883354960824
-0.6579369695977321	1.1451399333028789	-0.5519666939285809	-0.8782309749416725	-0.18985016513554698	-1.413611976732227	1.1451399333028793
0.5828377072624296	0.9354044936243266	-0.5941978783405067	-0.3378800463130594	0.40397037134490194	1.0576167845478273	0.9354044936243269
-0.8039077084322431	0.04500904010697267	0.3406231797225747	-0.09876032646005004	1.292793902198995	-1.413611976732227	0.04500904010697324
-0.692523966610564	-0.4094780337822887	-0.9586142681732425	-0.6106544000695522	0.6846488001232599	0.13090599906780698	-0.409478033782288
-0.2052655126537349	0.0959440770670964	0.7161644734008472	1.1701713457366099	0.2586728089855654	-1.413611976732227	0.09594407706709683
0.9448975291970466	1.218487304345629	0.7800143922046273	-0.7550972314980275	-0.43089279499247196	1.0576167845478273	1.21848730434563
-0.7392192712293387	-0.5381305824474736	0.11474259804248903	3.8522152822568763	1.534243728084774	0.13090599906780698	-0.5381305824474729
0.1713197769402908	1.7961277618480045	-0.8926539400124196	-0.4834189760794047	-0.2044882694146481	1.0576167845478273	1.7961277618480047
-0.38243346356537905	-0.1985653933089829	0.9880077632230113	-0.6229960418809621	-0.2498452537884408	0.13090599906780698	-0.1985653933089822
1.3659927057165036	-0.06897974928457137	0.9407051915772977	-0.6534182621096221	-0.6933632808015935	1.0576167845478273	-0.06897974928457079
0.3050059312441324	0.6922080784095833	1.1125214610786598	0.7614188993212966	0.3981404275550148	1.0576167845478273	0.6922080784095833
1.135708347447785	-0.19609845373824908	0.7444592859763927	0.8192645855097365	1.341907117610129	0.13090599906780698	-0.19609845373824847
-1.2035931167548009	0.19376286268530196	1.150009255865745	0.623713567512385	0.02314580373078699	1.0576167845478273	0.19376286268530238
-0.2276861491443493	-1.0625767522736445	0.15746597410491425	-0.745129197761479	-0.25781322743268364	1.0576167845478273	-1.0625767522736433
-0.9896440824940073	-0.642950669453782	1.1768223995511986	-0.687037712343984	0.8074219550108405	0.13090599906780698	-0.6429506694537812
-1.2124848157920887	0.1810292905836684	0.8448327048108867	-0.355919046970053	0.10250645537105096	0.13090599906780698	0.18102929058366893
0.48887338776555334	1.1707290097869973	0.12064682302950215	-0.701761661390406	-0.8018189416842472	1.0576167845478273	1.170729009786998
-0.6468829048490655	-1.4736942034228255	-0.2062577461799514	-0.4034005131600497	0.5997495865809209	-1.413611976732227	-1.4736942034228244
-0.31686797657126875	-0.9242684212816129	-1.812564750555771	-0.4131375695723328	1.2634908148741588	-1.413611976732227	-0.924268421281612
2.185130291113515	1.3762027571635984	1.2208196453315312	-0.6329106711907253	-0.030172596709514332	-1.413611976732227	1.376202757163598
-0.46210625851060305	0.1553801748751265	0.5510941508522297	-0.491391774164971	0.2903461619554736	1.0576167845478273	0.155380174875127
-1.4320930230646332	-1.1239500438238952	-0.42494393554562165	0.05159246075889237	0.2201370328941708	0.13090599906780698	-1.1239500438238943
-1.1613414129999375	-0.7533718443828691	-0.91116280985241	-0.898519094596554	0.4510162019508125	0.13090599906780698	-0.7533718443828684
2.1822095036313764	0.22916090173159098	0.8091816698691539	0.7646794303047834	0.05081103396370142	-1.413611976732227	0.22916090173159145
0.39278038812547755	-0.6643169265701058	-0.7224829118738187	0.17899203594534682	-0.34237065860988863	0.13090599906780698	-0.664316926570105
-0.5851708513571958	-1.4543806972370106	-0.02895041450137447	-0.765907533223446	0.3112258426366084	1.0576167845478273	-1.4543806972370095
-0.4260307280897287	-0.6393230115092159	1.6060526462631732	0.27726012461544486	0.3388685376998645	0.13090599906780698	-0.639323011509215
0.37480641279643345	-0.6763737157502662	-0.7998624534484106	0.7339429720692944	-0.2412172259498906	1.0576167845478273	-0.6763737157502655
-0.2816113785192879	-1.1809383335899997	-0.8402401141317425	-0.8506007503517808	1.2892526274795826	1.0576167845478273	-1.1809383335899986
1.6717172003655347	0.32471041968137987	0.4850927127450943	0.6530398962016062	-2.5021354298431433	0.13090599906780698	0.32471041968138026
-0.7198855328482682	0.703552583076317	-0.20047488189162121	-0.7474845963701037	-0.828015063496794	1.0576167845478273	0.7035525830763171
0.21946592299084833	2.7500206899793986	-0.8329222137901019	-0.22095773215559208	0.04619489700355057	-1.413611976732227	2.750020689979398
-1.246348015045987	-0.942854983601958	-0.9812833379611721	-0.8790787401147894	-0.32919850309394827	1.0576167845478273	-0.9428549836019572
0.5576428313776773	-0.6324837594584152	-1.106113761076663	-0.3442262426023426	-0.6706325430523407	-1.413611976732227	-0.6324837594584144
-2.497590671575774	-0.6738697242135531	1.674198131258822	2.4715023354083696	-0.7171906251950576	-1.413611976732227	-0.6738697242135524
0.2545994489902829	-0.3044155421211483	0.6078829711019479	-0.30163781664010725	-0.2282540694682707	-1.413611976732227	-0.30441554212114763
-0.8209564549928973	1.022017529406812	0.6617025332147778	3.1139910797401233	-0.6044348504415227	0.13090599906780698	1.0220175294068121
0.010420403176179757	0.900618733599824	-1.9178661897357623	-0.8974754617073494	-0.45479676284583465	-1.413611976732227	0.9006187335998246
0.44829128540824315	0.3872808485065785	0.9727408420468203	-0.8546437826361647	0.15715414235652111	-1.413611976732227	0.3872808485065788
-0.6013523592800147	-0.36484931226048006	-0.3937882943935794	1.4891174885002811	-0.5278940574247875	0.13090599906780698	-0.3648493122604794
-1.096379460744439	-0.7018660590995456	0.07174820465315898	-0.1010583604453313	0.509619656201227	-1.413611976732227	-0.7018660590995447
-0.030344013117025205	0.2854664105185216	0.19659783904400674	-0.8131223093174347	-0.42354879022279435	0.13090599906780698	0.2854664105185221
0.034109857503231464	1.288559654576749	-0.12374520323853985	-0.0977564288398322	-2.568483840460711	1.0576167845478273	1.2885596545767486
-0.7404916615868609	-0.5194546795481823	-0.8858426810103455	-0.8250281539387939	-0.5062078096782638	0.13090599906780698	-0.5194546795481815
0.6865242097799671	-1.256228452208731	-0.20214819155415714	0.9761135880413395	-0.29614218640849377	1.0576167845478273	-1.2562284522087297
-1.409597764381976	-0.390377267445783	2.2128924027145	6.410030328186513	0.9111457489317758	0.13090599906780698	-0.3903772674457823
-1.2077920205103962	0.7755970682328049	1.652382390376675	-0.07280562605218172	-0.3164719803045628	0.13090599906780698	0.775597068232805
0.5393987409279444	2.2187804611616766	0.9571215432223322	-0.5655006261318114	0.6517923848534253	1.0576167845478273	2.2187804611616757
0.331210736471515	0.29120951427420155	0.16432953669237413	0.09263935268116898	-0.06082975408377731	0.13090599906780698	0.2912095142742019
-0.6377100375265676	-0.08008943666287296	0.5897771337205562	-0.7269098526060677	1.00667829608865	-1.413611976732227	-0.08008943666287241
-0.1629942631211496	0.11633297038953928	0.8107678446114408	-0.28893718667023643	1.8009996923012117	0.13090599906780698	0.11633297038953978
-2.0648031106977203	-0.28463384190652613	-0.5395806359879411	2.934094572842918	-0.897977121017588	-1.413611976732227	-0.2846338419065255
0.04302444826288396	-0.1653135790003859	-0.2766021600330044	-0.06501497401935909	0.34804241609114916	-1.413611976732227	-0.1653135790003853
-1.2597877874565189	-0.5607786555987553	0.7054188589644431	-0.5698130196093414	-0.20088944550404966	0.13090599906780698	-0.5607786555987545
0.9259674941920975	-0.2124787645552157	1.2069644786506257	-0.48243513386472997	-1.6669089337375314	0.13090599906780698	-0.21247876455521506
-0.20358734660966557	-0.44673443417974945	-1.0314443959034185	-0.33808637243154455	0.0061948684327895525	0.13090599906780698	-0.44673443417974873
-0.7858418461804393	3.3311953098792007	0.04805551675476047	-0.659279126185884	-0.5551919733869731	1.0576167845478273	3.3311953098791993
-0.967929193276939	0.030114170643815573	1.0287173853616927	2.43908888627558	-0.3917651357002334	1.0576167845478273	0.03011417064381616
-0.7832556831969318	-0.6098757920638602	-0.13685972331628102	-0.7723329666900504	0.6605082644777047	-1.413611976732227	-0.6098757920638594
1.234756217590398	-0.6152435781366609	1.1303497249711891	-0.5484194849938304	0.23298014638032566	1.0576167845478273	-0.6152435781366602
-0.21858480897785065	-0.5484674463989242	-0.3851329056984966	-0.7318291931386209	-0.37503644745203296	0.13090599906780698	-0.5484674463989235
0.5625595880963423	-0.6497941483577356	-1.0211272237404003	-0.8675257166771226	-0.2945274681893802	1.0576167845478273	-0.6497941483577347
-0.7157285451773933	-0.4057881158276464	-0.346691173279332	-0.08168451871273366	-0.062469749416076345	0.13090599906780698	-0.40578811582764573
-0.7672715369744046	-0.8745130864925988	0.1236225394376484	-0.31733469346666104	-1.0658886737143143	0.13090599906780698	-0.8745130864925981
2.1029968311795892	-0.06751575496488786	0.4914996088863479	-0.8223126956168216	0.5817281097288912	0.13090599906780698	-0.0675157549648873
-0.5052508651483525	-0.9259068394773524	0.1564093033993947	0.5220939063601588	0.06768753300609963	-1.413611976732227	-0.9259068394773515
0.18773710392741783	0.84363019936919	0.5269022252171819	-0.6280178778273431	-0.4733079317207673	-1.413611976732227	0.8436301993691903
-0.054978632492973384	0.9493620938150751	0.4394976804234119	0.5045423175130631	-0.8678605055667087	-1.413611976732227	0.9493620938150754
1.17066212562204	0.8087244057125956	1.4203047962530502	-0.1492090985073242	-0.7969437729650705	1.0576167845478273	0.8087244057125959
-1.5481385664575025	0.5326811847915451	-0.7224367867662254	-0.879984117729744	-0.49946786733177456	0.13090599906780698	0.5326811847915455
0.44832834120311005	2.8659951146157407	0.8956992812763465	-0.164957683812972	0.2674091294854008	1.0576167845478273	2.8659951146157407
-1.8195532842944258	-1.0199036562074473	-0.07767589645742785	-0.3154355982374954	0.6582268439674469	0.13090599906780698	-1.0199036562074462
0.35819122985782065	-0.9317114685588417	-0.7562732106956167	0.01046650926938065	-0.6788500338672276	-1.413611976732227	-0.9317114685588408
0.7106063984658003	0.687513269396733	1.1758274653868659	1.105097617490773	1.1611130816792952	-1.413611976732227	0.6875132693967333
-1.057406810901371	0.2527644346278549	-1.464588593412881	-0.14374917673835433	-0.4254014756007889	0.13090599906780698	0.25276443462785536
1.1422945072491402	3.296456999203406	0.9580942103040215	0.557563300289405	1.6209013880439191	-1.413611976732227	3.2964569992034054
-0.7338914566644547	-0.7261633894928389	0.984785148462129	-0.6083672646965882	0.019015469165285123	-1.413611976732227	-0.7261633894928381
0.5441445715708157	-0.48604395519618443	-0.5155208961186982	-0.9123456177362896	-2.535632622655549	1.0576167845478273	-0.4860439551961837
-1.0735241915828122	-1.1317348546457968	-0.41301536959727575	-0.7750648012349275	-0.8960233280307238	1.0576167845478273	-1.131734854645796
-0.18645083340397997	-0.9487206139908856	0.687206820246174	-0.513176137330553	1.2029172101602474	0.13090599906780698	-0.9487206139908847
0.8995574307996256	1.8864885918410246	-0.5634834223362841	0.6868640587849979	0.38276081239311743	1.0576167845478273	1.8864885918410246
-2.0247012019726984	-0.5200323731198001	-0.46460436688069334	-0.11639343881949085	1.4391335220274992	-1.413611976732227	-0.5200323731197993
1.812675990377317	0.5058230377947579	0.049649111008000436	-0.8258222642819443	0.4925285865603362	1.0576167845478273	0.5058230377947581
0.4897428784762096	0.25300190645754156	-0.9582229175953336	-0.3345059276593621	0.02033922499558307	-1.413611976732227	0.25300190645754184
1.6048013855178742	-1.0770341967755022	-1.5136227486334546	0.6677232917364536	-0.017708939532202324	-1.413611976732227	-1.077034196775501
0.1023000146681039	-0.4500601888534117	0.21697067851230256	1.4916118581366222	0.08468480701152317	1.0576167845478273	-0.450060188853411
0.592137001465571	-0.6977854501921923	0.4455590132380789	-0.04432064052714946	-0.6369308610491473	1.0576167845478273	-0.6977854501921915
1.443158939200333	0.05014791943998419	-0.5267446394545676	-0.7331806922430281	0.1479070864979626	-1.413611976732227	0.050147919439984846
0.503825344730048	-0.48369255804432415	-0.37280579159460764	1.06199130754411	-5.928362082593126	1.0576167845478273	-0.4836925580443235
0.03823447594384602	-0.6436859661503607	2.44806605141215	0.5732098129115487	-0.1729778617770786	1.0576167845478273	-0.6436859661503599
0.9200111884773705	1.5818659245173499	-1.560987788714221	-0.17186796042584182	-0.16692177969005964	-1.413611976732227	1.58186592451735
1.5150273742391365	-0.03502879164443795	0.3584001074383319	-0.3591151161193482	0.11569443304109266	-1.413611976732227	-0.035028791644437396
0.8779055540076549	2.001715798979261	-1.849247065103498	0.13367662348702755	-1.3896759354005679	0.13090599906780698	2.001715798979261
-0.27181916897704744	-0.3558522904968934	1.6842689841214025	-0.5452128902483728	-0.14373169210967318	0.13090599906780698	-0.35585229049689265
-1.9574794517063772	-0.4720255960926571	-0.11191219341513156	-0.7413212126181674	-1.896138342233586	0.13090599906780698	-0.4720255960926564
-0.033655608556172466	-1.2749752666386325	0.6977649088809076	2.5697058748434136	-1.6323389683626959	-1.413611976732227	-1.2749752666386314
0.45094345181113743	-0.5695151768499751	-1.021918245362539	0.04446063468430357	0.161189302510851	-1.413611976732227	-0.5695151768499742
0.8491425884002263	0.7165270879096883	-1.6630704742433842	-0.4933722249142388	1.3568978206465576	0.13090599906780698	0.7165270879096883
-0.42908969982007417	-0.4050472953993171	-0.5426139672289542	-0.5530852375347046	0.37958808957607865	0.13090599906780698	-0.40504729539931644
-1.4584232886916142	-0.22690331600725575	-1.1563112798820971	0.1975634365069951	-1.2288004647952058	0.13090599906780698	-0.22690331600725508
-0.8917841045165134	0.7517596287957151	0.15605143409905028	-0.8177367362475518	0.09470662103606048	1.0576167845478273	0.7517596287957153
1.3943524378639487	0.9534680181698987	-0.5988686990420476	-0.8354773480197695	-1.0826214306985664	0.13090599906780698	0.9534680181698988
1.049756756540866	-0.3268744979248054	0.7479258195679659	1.1272805684982012	0.0028639461016401304	1.0576167845478273	-0.32687449792480466
0.6144887752725968	-0.43998525878644745	-0.9881063439057951	-0.5953055098738458	0.3628969568112424	0.13090599906780698	-0.4399852587864468
-0.7909945148406173	1.3925955162360906	1.8989867837524448	-0.777124469901933	-0.06388243171709655	0.13090599906780698	1.3925955162360908
-1.1630767871946732	1.2431703319789256	1.7303575648678948	2.735947955133067	0.42395849870091246	0.13090599906780698	1.2431703319789258
-0.584816146296295	0.788542882249781	-0.009728806596344043	-0.485933243400561	0.09355311100606283	0.13090599906780698	0.7885428822497812
-1.3564638027036668	-0.16423066789340862	0.22637688752880925	0.12434288405789842	-0.16629901620620327	0.13090599906780698	-0.16423066789340807
-1.0214069151967875	-1.2912470090916104	0.19117459444754098	-0.4425384816236438	-0.03430270675224158	-1.413611976732227	-1.2912470090916095
0.22929690367811328	-0.5271547596663143	1.5250255709823692	-0.8197284899601827	-1.0924546429024231	-1.413611976732227	-0.5271547596663135
-0.15928574672191462	-0.6611249790266214	-0.06617354344858875	-0.1075194468437779	0.5829651610063594	1.0576167845478273	-0.6611249790266206
0.0862625823240366	-1.1474527482304326	0.17448957863749148	-0.5710699819243067	0.5727200864736078	-1.413611976732227	-1.1474527482304315
1.2722928689712192	2.1404989657228524	1.9081608196395625	-0.2715337063369666	-0.5668281992909204	-1.413611976732227	2.1404989657228524
-0.8374795153612459	0.6699822437557329	-0.5982750688792201	-0.797060660627836	-0.2700094140792117	1.0576167845478273	0.6699822437557332
-1.1133098432115247	-1.0813299575355806	-0.7983273493967208	0.6936754867464077	-0.304079264609516	1.0576167845478273	-1.08132995753558
-0.4986968023952866	-1.0100543894739833	0.45386552903147925	0.004956886250883403	-0.6117771215474349	-1.413611976732227	-1.0100543894739826
0.6892484552051658	0.602235861900578	0.4080708823952943	0.010500023833469678	0.18918033426294778	0.13090599906780698	0.6022358619005782
-0.6958414718645328	-0.3121750117418733	0.05417947409552708	0.2486531070231596	-0.5518158739236093	-1.413611976732227	-0.3121750117418727
0.7639868511450076	0.4001077262052276	1.5795588752022711	-0.586699925893935	-1.0715854729559517	0.13090599906780698	0.4001077262052279
-0.6997787887806736	-0.7029477223229357	-0.7051534508077589	0.52818161874294	0.7845701824641913	0.13090599906780698	-0.7029477223229349
0.17579586836976843	0.39575532353488907	0.012118833956115167	-0.7642834428872964	-0.051257178244185145	1.0576167845478273	0.39575532353488946
-0.09024876652219546	-1.226444661366458	1.7044689815510834	-0.5532314689424821	1.0764271586883498	-1.413611976732227	-1.226444661366457
0.11483648049020978	-0.9392731824023103	0.5409177244744899	-0.6557742775279451	-0.3404227180171077	0.13090599906780698	-0.9392731824023095
0.1890022820442576	1.3984977140345662	0.7753896571199846	-0.4666003304659242	0.09626970962456198	1.0576167845478273	1.3984977140345658
0.44067593010631223	-0.959873149593369	-1.0468607844320923	-0.8494182396176998	-0.07835649285236364	-1.413611976732227	-0.9598731495933682
-0.4391771429334593	-0.34748839665632375	-0.23407136105898152	-0.47573291785186034	0.12967194157964806	1.0576167845478273	-0.34748839665632303
-1.3687941311479472	0.19115461866722844	-0.40905396559494944	-0.6636280622121087	-0.8634843519326049	1.0576167845478273	0.19115461866722888
-0.4044865993106118	0.5110994466361596	0.9684826315291568	-0.7584898412945051	-0.7782426728854712	1.0576167845478273	0.5110994466361599
-0.3123901920650098	-0.553253619422968	1.6194894765113033	0.034424552611054406	3.2038620095548422	1.0576167845478273	-0.5532536194229674
0.3590636690719767	-0.9072054656799882	0.7471943660635789	0.5366908066439109	1.218533722610765	1.0576167845478273	-0.9072054656799874
-1.0788703566154154	-0.19076998997814837	-1.061134384457956	2.260080578428146	-0.07931147299915674	-1.413611976732227	-0.1907699899781477
-0.3688011574370219	-0.9466299533269653	1.426333402251921	0.34268606020109316	0.795749960884971	-1.413611976732227	-0.9466299533269645
0.30756761843038943	-1.207732415552048	-1.823460770784363	-0.4879907417140031	-1.1562161653092053	1.0576167845478273	-1.2077324155520468
-0.8420538661328166	-1.3415955986211743	1.197095267768289	-0.9126737240200935	-0.08806677536256201	1.0576167845478273	-1.3415955986211734
-0.01773075464413374	-1.6456739602413284	0.3798389708601267	-0.6732048468403805	0.9580911356739293	-1.413611976732227	-1.6456739602413273
1.4304312507973476	0.8775651060310705	0.7098765796859725	1.7609555816608087	0.35130915431789433	1.0576167845478273	0.8775651060310706
-0.2154946257260159	-1.5790473836750507	0.512484145439714	-0.8415030789043029	1.186958130162676	-1.413611976732227	-1.5790473836750496
-0.23661713284569202	-0.4925966458759485	0.47242214990048215	-0.3950527414797106	-1.16494634541124	1.0576167845478273	-0.49259664587594776
0.1497277930320263	-0.2885213175605718	-1.1843817447221257	0.03101778874179995	-0.35844039702580094	0.13090599906780698	-0.28852131756057114
-1.1534429624306024	-0.12757690930706322	0.6767953515956799	-0.7413046269365304	-0.40994895336339576	1.0576167845478273	-0.12757690930706259
-0.06528487402968725	0.34465787287374844	-0.05897205948926204	3.441149606015487	1.3375955140199334	0.13090599906780698	0.34465787287374877
2.044428819715073	2.648395516634226	0.8670694125515181	0.11218630641435055	0.9683216243375068	1.0576167845478273	2.6483955166342246
-1.5790790196872546	-0.09017010715610888	-0.23195410708637482	-0.66259030851691	-2.4563108974556758	1.0576167845478273	-0.09017010715610832
0.3217897649500403	1.402282399107485	0.7925328946823	-0.8572074240636732	0.3499409548311949	1.0576167845478273	1.4022823991074855
-0.903403537613019	-0.8080602367819506	-0.546811688321132	-0.38289394584351405	0.022453371495573297	1.0576167845478273	-0.8080602367819497
0.16072810278728733	0.8640878399862562	1.5150618882764932	0.19693578364949418	0.8279022930576592	-1.413611976732227	0.8640878399862564
0.5390428237798222	-0.8538481203015912	-0.2613871738691246	1.8523671549867302	-2.5137638419968256	-1.413611976732227	-0.8538481203015904
-1.8505827757826097	-1.0094958796056794	0.3652734920354364	-0.91128720251019	0.45239473852210865	-1.413611976732227	-1.0094958796056785
0.2235899364334421	1.192635777375002	0.28891410078387636	1.6275278667373514	-0.3071268671488095	-1.413611976732227	1.1926357773750023
-0.201670708238689	-1.4850042651835538	-0.9444610730598096	-0.7933652860982455	-0.23545004837251954	0.13090599906780698	-1.4850042651835529
-1.5443454355246489	-0.7939270012458695	0.11005735424744569	-0.058791592803065666	-0.2218395527729924	0.13090599906780698	-0.7939270012458687
-1.181047853585386	-0.6733409801751976	-0.5959851656521663	0.5472636886222308	-0.22022093932328018	-1.413611976732227	-0.6733409801751968
0.21191611655895617	1.9384667923241357	1.9179514373766773	3.3101047148685647	-0.480091526023004	0.13090599906780698	1.9384667923241365
1.856366960442452	2.579813486627987	0.4282249512982624	-0.2411100411736939	-0.9063643977169213	1.0576167845478273	2.5798134866279865
-1.1747246628305084	-0.9589140559272195	2.211923690785568	-0.8192742535250389	4.047541959486729	0.13090599906780698	-0.9589140559272188
-0.5828065913931003	-1.5327478983661909	1.473870876904277	-0.4392915154552811	-0.2136456203460236	-1.413611976732227	-1.5327478983661895
-1.5508332807428	-1.1321494105446435	0.04882569803855966	-0.9182251857869416	0.027989448951488742	-1.413611976732227	-1.1321494105446424
0.6798994675743069	-1.6465885611899227	0.3246629470673783	-0.6003170164130133	0.11439123343512234	-1.413611976732227	-1.6465885611899214
-0.3587771692757425	-0.18426073184569933	0.11602061344059751	0.41358629819894926	-0.27568901205397417	0.13090599906780698	-0.18426073184569872
0.1863063826488472	1.2454068384316206	-1.778902057144372	-0.1466487269733411	-1.883418558628698	1.0576167845478273	1.2454068384316206
-0.25124626309936704	-0.42845255866494264	-0.8044432358478137	-0.6957269227473206	-0.7134993794453428	1.0576167845478273	-0.4284525586649419
1.2846608990232014	-0.10555002479901261	-0.5484997545673814	0.4000559277899643	-1.0104078451630258	1.0576167845478273	-0.10555002479901203
0.2565206481990315	-0.8664994232508508	-0.8247622886540775	1.2847124373329069	0.01782558689695689	0.13090599906780698	-0.8664994232508499
-0.07672337976793807	0.08034175757124466	-0.08276615034738806	-0.827585967729746	0.20789263340755657	-1.413611976732227	0.0803417575712453
-0.33170498781388597	-1.262527240305465	-0.5683957993080658	0.23204682778800953	0.02115421741161303	0.13090599906780698	-1.2625272403054641
0.0919863842565198	1.3779446006014202	1.63517096278567	-0.22917080239110518	-0.6621266730410479	-1.413611976732227	1.3779446006014207
0.24295269828167287	-0.24199664772893603	0.5711151329539237	-0.7968720001833527	0.44211860454357715	1.0576167845478273	-0.2419966477289354
-2.631163758577192	0.18997811358776662	0.2922271929637166	0.6699817118563106	0.5017142682647778	1.0576167845478273	0.18997811358776706
-0.5071403493622598	-0.343698312106409	-1.2967380049812198	-0.7976582362741985	-0.005374791289319678	-1.413611976732227	-0.3436983121064082
-0.13825571327121022	0.3392504283828823	0.47558971756474067	0.13457965863440982	0.16507337959509444	0.13090599906780698	0.3392504283828825
0.25484756638808426	-0.16919145566670135	1.1584222677338936	-0.27022545159258904	1.0932541822824924	-1.413611976732227	-0.1691914556667007
0.4672989488492829	1.4364650107118087	-0.2487401427239892	-0.6855228589222673	1.0292456924034257	-1.413611976732227	1.436465010711809
3.1847129708651956	3.337304459840337	0.314663684528334	-0.8783183620354175	-0.17560270705098605	-1.413611976732227	3.3373044598403365
0.7280503661541132	-0.662799216219689	-0.896580167158953	3.186767918904848	-1.6032016903003927	-1.413611976732227	-0.6627992162196882
1.271771419890627	1.0099162943404945	-0.21506157718133445	-0.7406732832271601	2.062405415602573	1.0576167845478273	1.0099162943404951
-0.2402139179252556	0.33447781041319985	0.33342814262950426	2.162676156506293	-0.17691452489335777	0.13090599906780698	0.3344778104132005
1.2141795600058638	0.527070233921715	-0.7340581505669569	-0.41983775484559077	-0.4101745641932955	1.0576167845478273	0.5270702339217156
0.7180838039684536	-0.18491990010707288	-1.902703148568988	-0.8759683690637083	-0.47695757637424113	-1.413611976732227	-0.18491990010707224
1.005808893970815	-1.630945635221856	0.819407679660359	-0.6872103343716308	0.7826172400291316	0.13090599906780698	-1.6309456352218554
-0.6436177443644466	1.4720252776995877	0.29668471585473954	-0.37302768886046983	0.7143358804886151	-1.413611976732227	1.472025277699588
0.3653973340672995	1.004125339430234	0.41977984227998805	-0.22999602212107564	-0.40067324736640625	-1.413611976732227	1.004125339430234
-1.1161979925621262	-0.9356026239368503	0.4610754995954437	-0.5327851329058605	-0.2646232377594704	0.13090599906780698	-0.9356026239368495
-1.9635589905039401	-0.424490753800489	0.274113953160494	0.4969473246249782	1.1496308756910762	-1.413611976732227	-0.42449075380048834
2.178270106470244	0.6416608817707753	-0.1567552829294735	-0.6416055590169404	-0.12073451667401426	0.13090599906780698	0.6416608817707753
-0.12647658139688522	-0.6601276151263121	-1.1765195767030663	-0.26297009516540043	0.7558776073452768	1.0576167845478273	-0.6601276151263115
-0.24495186310903527	-1.3818723856171995	-0.3021936142083163	0.9792666901762727	-1.0701191840819724	-1.413611976732227	-1.3818723856171986
-0.14604956768009994	0.013401542978421964	-0.342256581040673	1.9911253620981242	-0.8761916544826647	1.0576167845478273	0.013401542978422522
1.9458160621915612	0.806241586681049	0.4495036251890351	-0.9163646577423783	-0.702042335871972	-1.413611976732227	0.8062415866810491
1.7990836904938634	0.48911240205499795	-0.15911733907558673	0.5216583560446238	-0.4800823473471963	0.13090599906780698	0.48911240205499834
-0.21343297611238507	-1.0154809661378523	0.4916059142758851	-0.6181740320352961	-0.21488923096631876	0.13090599906780698	-1.0154809661378514
0.5471266342861755	0.6440394850767488	0.5518875507976954	-0.6596023691919862	0.7255331149113474	0.13090599906780698	0.6440394850767488
1.7036261955193719	0.5549181846701031	-0.28112012644951717	-0.014335491043617855	0.9333170514498179	-1.413611976732227	0.5549181846701033
-1.1545257274164216	0.09521361104837886	0.305094019449627	2.0702578936807137	-0.7194761305677391	1.0576167845478273	0.09521361104837936
0.5366296982349226	0.2771251921341082	-0.6294654370262457	-0.8819397856529776	0.2633172749341138	0.13090599906780698	0.2771251921341084
0.6413189727893699	-1.108422870387323	1.1313715015581587	-0.6537655170799028	0.08794441548677465	0.13090599906780698	-1.108422870387322
0.5626172266926551	-0.1257277898757952	0.2687216310199485	-0.7032546686477965	0.08226612024828889	-1.413611976732227	-0.1257277898757946
-0.2439644972031398	0.3526150044464327	0.47246111514193945	0.21823653540166935	-1.5574812883511668	0.13090599906780698	0.35261500444643296
1.4306304239752474	0.283949576817477	-0.5299245335866357	-0.874635679310731	-0.5793842132409495	-1.413611976732227	0.28394957681747734
0.8172198615484065	-0.7345255445957976	1.506477655762397	0.8650977227604967	0.3492390622401312	-1.413611976732227	-0.7345255445957968
-0.30612226072245113	1.0025681796320258	-0.4690643517481657	0.30106957470661944	0.9747368165502551	0.13090599906780698	1.0025681796320256
1.4346010024317144	1.138653011156887	-1.219205674473004	0.428182560669582	0.09060071516421424	1.0576167845478273	1.138653011156887
-0.6901730734086953	-0.4877174691884297	-0.5702410934470966	1.1874097708257905	-3.3414834488320726	-1.413611976732227	-0.4877174691884289
0.520623271633622	0.31782230682585044	0.3395572211051098	1.6011477789188495	-0.835216761970665	-1.413611976732227	0.3178223068258508
1.0301067276489155	0.06442254163224544	-0.198157994426356	1.4520006022847625	-0.14185556608782832	1.0576167845478273	0.064422541632246
-1.0467008744804513	0.9091600449979566	0.11919538092369024	2.133120584748212	-0.36665613596358326	0.13090599906780698	0.9091600449979569
0.04183238656445096	0.9837304804534466	-0.7429515093426775	0.2114731370987856	0.02279168664725896	0.13090599906780698	0.9837304804534468
-1.2527693513752471	0.27976154450215	-1.8317176485575697	-0.683344945927698	-0.6710630351738636	1.0576167845478273	0.2797615445021506
-0.4678895002809022	0.021234931206395663	-0.3761163473340833	-0.3253457139592282	-1.331171474908997	1.0576167845478273	0.021234931206396225
0.07893565266538431	0.26966028203468023	0.46598460565348293	-0.6947837821709277	-0.36838583110845285	1.0576167845478273	0.2696602820346807
0.15899828509044087	0.8137749836310628	0.39504326927576017	-0.25506984986814707	0.6082565920211278	1.0576167845478273	0.8137749836310629
0.21070901976682754	-1.0306076598649234	1.2101349802250814	-0.2528972572856507	-0.6717298216935769	1.0576167845478273	-1.0306076598649225
-1.5677676053245455	0.04159769980411809	2.3498353095344284	-0.7563667650117455	-1.3317940345827652	-1.413611976732227	0.04159769980411869
0.3819953927730697	1.123847736708242	0.6723989711780901	0.4739445422073709	0.5586203831353408	0.13090599906780698	1.1238477367082422
-0.37087282878417865	-0.3078304769766455	0.23169474459652623	-0.7503163085855428	-0.16793130764605657	0.13090599906780698	-0.30783047697664484
-2.430014525593782	-0.7288099960829192	0.2901899848365742	-0.881955039048752	0.2370610793388083	0.13090599906780698	-0.7288099960829184
0.13307889512575102	-1.2975562132580758	-0.6488067971931802	-0.4214853764311496	0.04596992664166719	-1.413611976732227	-1.2975562132580751
-1.5538600186713765	-0.5836528597345308	1.1391253935285506	-0.4100977603637112	0.306443789778244	1.0576167845478273	-0.5836528597345301
-0.05013803989849526	-0.5589955507794585	2.1601238143490233	0.5176893152856819	0.019284850003898873	-1.413611976732227	-0.5589955507794578
-1.6147463841651912	-1.0282509193661382	-1.3710475025552402	-0.504532559049776	0.6651245677105418	0.13090599906780698	-1.028250919366137
-0.8214972219533463	-1.1315383468602676	-0.8682007931665826	-0.41199916653041957	0.040218696809353194	-1.413611976732227	-1.1315383468602664
1.488110774522438	3.220096345883317	-2.5821779853996	-0.027198578073181878	0.3300063757158398	1.0576167845478273	3.2200963458833174
-0.2500353597492618	0.15276768246217468	1.3832438379026566	-0.5478200934914973	-0.5974640334910034	1.0576167845478273	0.1527676824621752
-0.7837719646630207	-0.16498538345575434	0.6457150251088338	0.33641574672650015	-0.3328815829858701	1.0576167845478273	-0.16498538345575364
0.5770460261730369	-1.2432146952168046	0.3963985194980865	0.3071577686419342	0.29334177218765567	0.13090599906780698	-1.2432146952168035
2.367257065233155	2.389493150866039	0.2653465329966595	0.27569348770358576	-0.13764539562726066	-1.413611976732227	2.3894931508660386
0.8606837669311183	0.17208706972142018	-0.22120206408656617	-0.9102926953417626	0.5086120529732108	1.0576167845478273	0.1720870697214207
0.4218531173230254	-0.1324050530059491	-2.7241620590081137	-0.8933538693527481	0.19908626648552602	-1.413611976732227	-0.13240505300594846
-1.3841151592416046	-0.7222979869763223	-0.021350205196062955	-0.47229339200044934	0.37375006315334713	1.0576167845478273	-0.7222979869763215
0.2158587979044169	-0.9399966104784465	0.3109412204325246	-0.7976641674854721	0.3213706208337046	0.13090599906780698	-0.9399966104784457
-1.2395652667467494	-0.6257289169803342	0.8742933026191431	-0.35321125452551294	-0.09168002873921932	-1.413611976732227	-0.6257289169803334
-0.5323823794071586	-0.8833716707191793	0.48311233583433555	0.8767168426819725	0.3575126624727941	1.0576167845478273	-0.8833716707191783
0.7280900941665102	-0.2961647186202255	-0.1066703310268806	-0.8518412140635501	0.3441896063739349	1.0576167845478273	-0.2961647186202248
0.3579304437794765	-0.5602851103587485	0.39536494520353316	-0.6622684824734688	1.215682254510029	1.0576167845478273	-0.5602851103587477
2.590176894562667	0.4865064077486282	0.1872054421436007	-0.7432298505206532	0.44627588231329574	1.0576167845478273	0.4865064077486287
-0.49804558350565137	0.6304209294172894	-1.2091140520106054	0.05051002068758683	-0.27186410928907706	0.13090599906780698	0.6304209294172899
-0.5098140958579145	-0.3211171560655018	-0.9707987554928315	3.210252001324689	0.5402745996322426	0.13090599906780698	-0.3211171560655011
1.875155884429082	2.0207280667930876	-1.7784014874731013	-0.7070313955822711	-0.8975902577377294	-1.413611976732227	2.0207280667930876
-1.6675649197268358	-0.4066528755901853	-0.11386668212459398	-0.49617829942301167	-0.7226548221875271	0.13090599906780698	-0.4066528755901846
1.9981055700665429	0.2954465789260017	0.007513874140985753	-0.8738104925204246	0.559744763267381	0.13090599906780698	0.29544657892600223
0.7492327186981133	0.4209761230187624	0.11866511657209135	-0.14661058897324547	0.5519898021624818	1.0576167845478273	0.42097612301876275
-1.2220490102887676	-1.5027234405672822	1.3544639427884784	-0.7739096146820178	-0.5986986384823568	0.13090599906780698	-1.5027234405672811
1.4607866346262735	0.12475768429734319	1.2293236985834965	1.9639898327717302	-0.077338711913253	-1.413611976732227	0.1247576842973437
-0.9887879426956244	0.47786214754253137	-0.4657314454803121	-0.3669619638612444	0.3930863956678796	-1.413611976732227	0.47786214754253176
-0.9647664876564028	-1.223322872419655	0.645907580100184	-0.7506142104447932	2.139786659602294	-1.413611976732227	-1.223322872419654
-0.14187890789911947	-0.13806006216043842	0.5645714434728909	-0.7780659429883475	-0.5041412724984525	1.0576167845478273	-0.13806006216043779
-0.5658153052762885	-1.4847820929644662	-0.05376937023610247	-0.7526392687291316	0.40601134220108503	1.0576167845478273	-1.4847820929644653
-2.112402263420149	0.39867666142764996	1.3258852316419272	0.11833607918611556	0.7510858578879488	0.13090599906780698	0.39867666142765035
-0.19621350734097467	0.5648478463852794	1.899870248049861	2.6613783784035956	-0.27972821433311784	-1.413611976732227	0.5648478463852799
-0.44773783404791617	-0.5018579702810768	1.1128267270983208	-0.5136715198657004	-1.0669108683785686	-1.413611976732227	-0.5018579702810761
-0.8059910822264897	-0.6023510502702559	0.7944626194255638	5.133269528407893	0.06490315495053824	0.13090599906780698	-0.6023510502702552
-0.3944087706046911	1.8612223452853431	1.1419310456381055	1.737674333896095	0.40227362774361675	0.13090599906780698	1.8612223452853425
-2.0654813392511095	0.6839523980110366	1.3857114841596645	-0.1996368190996776	-1.3741411124750766	-1.413611976732227	0.6839523980110369
0.9371345943389915	0.3480302289733598	1.8666382279234253	0.2223400046499547	-0.31162358945430213	1.0576167845478273	0.3480302289733603
0.16458322911864298	1.335109779991593	-1.110898106674292	-0.5210301264034057	-0.19845158770282129	1.0576167845478273	1.335109779991593
-0.10613601890547261	-1.191448109444849	-0.1437114581550198	-0.3168547987596146	0.6112006113124451	1.0576167845478273	-1.1914481094448481
-0.09823800910770389	-0.08694452665491614	0.43468082137768577	0.08242346061302129	-0.10850001224837384	1.0576167845478273	-0.08694452665491556
-0.5252628788009925	-0.6796831785852415	-0.9956341760425235	-0.23258226066639845	0.6046675294421634	1.0576167845478273	-0.6796831785852407
0.3945717287119809	-1.4450186303093433	-0.4287981700198866	-0.7471202700941834	0.6827609157464055	-1.413611976732227	-1.4450186303093426
0.23861003360200483	0.17325813992901404	0.4810323662656752	-0.546657214149909	0.07784000761745286	1.0576167845478273	0.17325813992901454
-0.3034281819268368	-0.29937743173238385	0.42635493113526446	0.5637564314809485	-0.4044154916780352	0.13090599906780698	-0.2993774317323832
1.1035889155154504	0.43920301488811714	-0.4266552203481499	-0.07293813199170607	0.8664313635930624	-1.413611976732227	0.4392030148881175
1.199262005931744	-0.24492105131614333	-1.1074686926763737	-0.7751973095612517	-0.7486432502762896	0.13090599906780698	-0.24492105131614267
0.2109727333225747	0.2566279914652112	-0.5969867549113873	1.2256460268483786	-0.9545147373161196	-1.413611976732227	0.2566279914652116
0.9790849969993964	-1.07374873213634	-1.123082856161316	0.08740061159501357	0.6698489955793588	1.0576167845478273	-1.073748732136339
-0.6335857882067684	0.6407873221150397	0.4239990007521112	-0.34252381110524427	0.7260507244739896	-1.413611976732227	0.6407873221150401
0.05612696873861649	-0.3542857019853042	0.8060598051595989	-0.5609455886174769	-0.42290243860658305	0.13090599906780698	-0.3542857019853035
0.2848945652353498	1.3392336233329745	0.4574883536074746	-0.6965446401331952	0.8756415355030432	1.0576167845478273	1.339233623332975
1.0147876027778509	1.1157329358165733	-0.8694970899324366	-0.7287860108840196	0.1122569595237227	0.13090599906780698	1.1157329358165733
-1.1249010134097521	0.8234626572291274	-1.0795794717797251	-0.06280659451616559	-0.2212016748939568	0.13090599906780698	0.8234626572291277
2.407026803956274	0.8234996322100169	0.15061617013394227	0.9208007555000602	0.670919595232608	1.0576167845478273	0.8234996322100173
-0.4859129486527401	-1.1100493809914262	0.7847774189138266	-0.601197831032484	0.05577054035189996	-1.413611976732227	-1.1100493809914256
0.1399398471813156	-0.6037751131708682	-1.117673984090606	-0.770660298173591	-1.2324179590426527	1.0576167845478273	-0.6037751131708675
-0.36876031413340193	0.4065560896267181	0.6480877142049788	0.4243580217342567	-0.5071259105630711	-1.413611976732227	0.40655608962671835
0.28835509937455667	-0.9213519208139134	-0.43037985066224776	0.5458771208462667	-0.1647006396245472	1.0576167845478273	-0.9213519208139126
1.0758063029549072	0.29907686184408316	-0.541595991596059	0.6912735709670872	0.19992749861211803	1.0576167845478273	0.29907686184408333
1.1280863873196083	-0.8768182547552767	-0.6240810719650698	-0.40602694634406405	0.3925632979844625	0.13090599906780698	-0.8768182547552759
-0.6184108669563299	-0.07639592707344732	0.8327820787638467	-0.3153867983089766	1.015756474880125	-1.413611976732227	-0.07639592707344672
-0.9663238605483742	0.2040479296072944	1.4760664119996518	0.3602681197773038	-0.6784954993436046	0.13090599906780698	0.20404792960729487
0.01579551662582276	0.6631594627533741	-0.46284565115690546	-0.8469981892769974	1.2984725652710125	1.0576167845478273	0.6631594627533745
0.3098365984529982	1.3484610928131335	0.9137179813730332	-0.7889418759019556	0.09954915574756108	-1.413611976732227	1.348461092813134
0.02354237236047854	-1.3544753475385565	-0.36813243330357576	1.7653941212669102	-0.1474072194296255	-1.413611976732227	-1.3544753475385554
-0.7713419563538243	-0.7001049265811409	1.2363705628656452	0.05689257977735735	0.8995049839129322	1.0576167845478273	-0.70010492658114
0.47768589692900326	-1.1126787631929562	1.0058110852151996	-0.5061420198418402	0.07676437314150907	-1.413611976732227	-1.1126787631929553
0.6978428735055107	-0.43357760363898423	0.11663315955328096	-0.7865713183626387	0.8825295779019371	0.13090599906780698	-0.4335776036389835
-0.14757918797893677	-0.5635377825735238	-1.3550892219704216	-0.5703298589525075	2.7986640916508017	0.13090599906780698	-0.5635377825735232
0.5849114999564484	-0.667469021284087	0.1527934931175642	-0.38244859684395677	-0.5186803138616476	0.13090599906780698	-0.6674690212840863
-0.1359910370804289	0.23809640546035937	-0.5422654144774722	-0.6056797505644864	0.2709304149507153	-1.413611976732227	0.23809640546035965
-1.1446177357409224	-1.3314502060284952	-0.5378106312295474	-0.8649929543943367	-0.4214318324038055	0.13090599906780698	-1.3314502060284938
-0.005256723180652753	-0.2635379029996711	-0.5113771091253423	0.6133826458521079	0.864735778944283	1.0576167845478273	-0.26353790299967045
0.7013567441300593	0.7450424880020455	-0.5624884688711295	-0.3000645028883875	-0.2608936897487153	-1.413611976732227	0.7450424880020458
0.03263507825024442	-1.4526486699315837	-0.014961808026726402	0.6963371315226538	1.1290208836491429	1.0576167845478273	-1.4526486699315828
-0.09836952397543511	-0.6981487633923374	0.5586517491662305	0.9876625452168278	0.2552747758078314	1.0576167845478273	-0.6981487633923367
-0.6539096232965504	-1.2889518626994805	1.2849693187026998	-0.8436930446858841	0.03532997945054543	-1.413611976732227	-1.2889518626994794
0.10536677546026745	-0.003033257856525993	-0.5447013621791655	-0.8280676396741691	-0.7826546368875295	1.0576167845478273	-0.0030332578565254007
0.5916006438326092	0.30162815116769753	-1.013924011033219	0.36303459707333663	0.19065001414507118	-1.413611976732227	0.3016281511676981
1.5338317798947545	1.7441626364883447	0.11690306869392367	0.33131648628420923	-0.20997041597745755	-1.413611976732227	1.7441626364883445
1.041546062695222	0.2690947751997078	-0.26207216822893126	-0.009600193947166156	-1.0915201566723345	-1.413611976732227	0.26909477519970826
-2.3294866703845583	-0.8003481645785528	0.5781190335139715	0.3339820989765517	1.1798918068364803	0.13090599906780698	-0.800348164578552
1.7064699619584363	1.333283794645388	0.2859402103892137	-0.1706166342186555	1.3393518754193252	1.0576167845478273	1.3332837946453884
-0.7710086090138998	-0.8431884091724909	-0.3190801233498631	-0.45468644625710825	-0.07661187258184238	-1.413611976732227	-0.84318840917249
0.9664374550590565	1.8581771732417904	-1.3478110199532376	-0.10261784654311974	-0.7849761042913251	1.0576167845478273	1.8581771732417907
1.0989391185525772	-0.20257624252026182	-1.4056085904599096	0.9758154920936216	0.4065524020444652	1.0576167845478273	-0.2025762425202612
0.9063294152416932	0.0640832587342203	-1.3851254027144255	0.2285583104693752	-0.43694416521323026	0.13090599906780698	0.06408325873422083
0.13949467638001206	3.517865205384396	-1.1990500094587988	-0.8196297104188308	-0.33719821980865455	0.13090599906780698	3.5178652053843953
-0.1971607274222896	1.7991481679895116	-0.022330243518468733	-0.06756691851444753	0.1281011005445598	0.13090599906780698	1.7991481679895112
-1.8059111989786492	-0.829315949609463	-0.6787754812499884	-0.388686063917123	-0.36258160514121707	-1.413611976732227	-0.8293159496094621
-0.8127284382240634	-0.6006696828769603	-0.34363962740658066	1.1362564897960379	-0.3709942288678123	1.0576167845478273	-0.6006696828769594
-0.020069728374697848	1.8763839057222829	1.4305267530900367	0.40961741000614177	-0.045996950625372464	-1.413611976732227	1.876383905722283
1.44903271779549	-0.7026627456035279	0.3906599682645589	0.03614143681448114	-0.27581375894042587	0.13090599906780698	-0.702662745603527
1.2389728141362932	-1.530054236360204	-0.38773982165769066	-0.4649316116530467	-0.03665852290893821	1.0576167845478273	-1.530054236360203
-1.2426089549749726	-0.528322761755949	-1.7449258044729956	0.10053645369757651	-0.011584971085321286	0.13090599906780698	-0.5283227617559483
0.7168652573936114	2.633626643359785	-2.0633393618986346	-0.15636032602075825	0.37225637360306735	1.0576167845478273	2.6336266433597846
0.8232296433656381	-0.05041335544803865	0.10207280818241438	1.82043918783962	0.10075171063370572	0.13090599906780698	-0.050413355448038065
0.4468422198602538	-0.8018272586431878	0.900407699769916	2.6652676584061354	-0.0027522710597321924	0.13090599906780698	-0.8018272586431868
0.5707527634393447	-0.5871757478344901	-1.7408027272983846	-0.6671085919727595	-0.21225119200042197	1.0576167845478273	-0.5871757478344894
-0.5593137181590584	-0.6130121407927496	-0.9915487793138843	0.6351384415956469	0.12439824682746932	1.0576167845478273	-0.6130121407927488
-1.3135973112258914	-0.492986397573473	0.47521961929182577	-0.6531905485887208	0.005181546470690152	0.13090599906780698	-0.4929863975734723
-0.28521714305288487	1.1166101177849828	0.8523363246148564	-0.6948795652221512	0.015237653629191874	0.13090599906780698	1.1166101177849828
0.130139149064511	-0.9221392630423922	-1.063445528412392	0.0203320544695995	1.2335169572828113	-1.413611976732227	-0.9221392630423912
1.4896869189879287	1.162588915685605	-0.26644686853782573	-0.8662573637578459	0.9746861091852427	0.13090599906780698	1.162588915685605
0.7712985514594443	0.072606061382083	0.42175330902184305	-0.6050746001777946	0.08767444617298285	0.13090599906780698	0.0726060613820836
0.4341676867206147	-1.502596664738299	-0.09477323469618179	0.18977252457728241	0.7597788049415332	0.13090599906780698	-1.5025966647382976
-0.36753373508480325	0.5544316344141268	-0.018387098047518376	-0.371630613335672	-0.3513195423525497	-1.413611976732227	0.5544316344141271
-0.10194197081735532	-0.05214273015436969	1.3110410975790263	-0.8366851532523355	-1.207692640473305	0.13090599906780698	-0.052142730154369106
-1.6175974982610406	-0.9923525285534529	1.4850447827473334	-0.8951085217942736	1.1770999434806426	-1.413611976732227	-0.9923525285534519
0.7024906352383821	0.3826271851458266	-0.052567863399938304	-0.7678791363928742	0.4272551240797335	-1.413611976732227	0.3826271851458271
-0.8813676932923143	-0.30852594117918336	0.023221437825136523	0.8937085155405358	-0.00958837006323531	0.13090599906780698	-0.3085259411791827
0.7864887982012162	0.7702855825662842	1.4050219492103218	-0.6502712921103297	-0.2941666811404267	1.0576167845478273	0.7702855825662847
0.28085793147431853	0.9397476775081004	0.41484234089026806	-0.025642445354712957	-0.3279530258761703	0.13090599906780698	0.9397476775081006
0.5890815663723941	0.3188578205277714	1.0420982185274996	2.009249036299932	1.4909058929687553	1.0576167845478273	0.31885782052777184
-1.3001004027906584	0.07349571292932913	-0.8365435292407318	-0.32017849825051303	-0.5882025463824537	1.0576167845478273	0.07349571292932967
1.5820952700262454	-0.40410148756980235	-0.3773666499995075	1.2453191910201111	-0.4424212971751281	1.0576167845478273	-0.4041014875698017
0.3189049490913363	0.8095211982796999	-0.7382693225143915	-0.1615328424958431	-0.34648555170933887	0.13090599906780698	0.8095211982797005
0.09564816744222389	0.7431545516099058	2.6265467634168616	-0.5743004403181545	0.1534016446164338	-1.413611976732227	0.7431545516099063
-1.975293474680775	-0.8156311381930509	-0.9935841411375965	-0.3539826595512031	0.4772142306593714	0.13090599906780698	-0.8156311381930502
-0.2708543982098513	-0.38611783120882864	-0.5151451582200061	-0.7892644061273439	-0.10375692075041283	0.13090599906780698	-0.3861178312088279
1.036548637329302	1.5604066490548798	1.1866668401269231	-0.49412718828931185	-0.09911774872190461	-1.413611976732227	1.56040664905488
0.9650412704611906	-0.6189662373361836	-0.014271676425233418	0.04901886322656201	0.8846896596333208	1.0576167845478273	-0.6189662373361828
-0.5387719359337986	-1.5380735243418417	1.1554572199620188	-0.6478632250152709	-0.2113066756476147	0.13090599906780698	-1.5380735243418406
0.6150296546921268	1.5963209809311671	-0.4131352845435629	-0.8764520984910709	-0.6584764693915052	1.0576167845478273	1.5963209809311671
-1.5480492645143509	-1.1803686017267943	0.01144382851744813	-0.27079895064473397	0.9205425894049961	1.0576167845478273	-1.1803686017267931
0.10887108077272309	2.274107288442142	-0.5485178256322027	2.6392424078372114	-0.8470195467026925	-1.413611976732227	2.274107288442143
-0.2190522051583134	0.24273521575884355	-2.9637705509504433	-0.9219564868246277	0.24423578647186558	-1.413611976732227	0.24273521575884396
0.4722863256897919	0.14092635589332994	-0.2540955954283785	-0.09543394171258451	-0.02728012870191681	1.0576167845478273	0.14092635589333047
0.6232080404447392	0.6466782718554536	1.252453665870062	0.5825504722032124	-0.9296608058374978	-1.413611976732227	0.6466782718554539
-0.1316918444833522	-0.07763607225349196	-1.0308380514139848	1.024581752063141	3.4426405013372254	0.13090599906780698	-0.07763607225349141
0.2804445805155752	1.1971943481948903	-0.23412846141661073	-0.882510714217354	-0.9941671009991971	0.13090599906780698	1.1971943481948908
0.05452675026562362	-0.1298167144588344	-1.4315105438859697	0.11853030929371601	0.799095679856848	1.0576167845478273	-0.12981671445883378
0.8132738816738595	0.20208580302835383	0.9205399936840362	-0.596329449234397	0.9578346597228263	1.0576167845478273	0.20208580302835435
-2.40699861713573	-0.03314603362073302	1.5415671183163213	-0.23780662226474186	-0.327857132415133	0.13090599906780698	-0.033146033620732415
0.20682065790147197	-0.9160375707129175	-2.5124574765537218	-0.5607488773588301	-0.9888816317799696	0.13090599906780698	-0.9160375707129167
0.9077290869202616	0.5256944988428816	0.265860655532323	1.5434008127788768	1.2129574828642724	0.13090599906780698	0.5256944988428818
-0.5016522279482443	1.6998401738465772	-1.1100490564534964	2.340766411603169	1.7801566467573835	-1.413611976732227	1.699840173846577
0.4205236224054821	-0.4047185681698599	0.5595636208334065	-0.8008551339240407	-0.43476664537617354	1.0576167845478273	-0.4047185681698592
0.14153197936982562	1.3878435631914858	0.7403350158818767	0.0026944742218628056	-0.4297408000567773	0.13090599906780698	1.3878435631914865
0.5167742487001802	-0.6002484072371955	-0.9313202243436766	-0.834253054855431	-0.25232440293591585	1.0576167845478273	-0.6002484072371947
-0.2839852191774205	-1.1118116038354318	-0.6497656786355779	-0.5304917310962889	-0.3252938773179576	1.0576167845478273	-1.1118116038354309
-0.32355440604770364	-0.6718439225626649	1.3905980702153298	-0.651813626350686	1.867395080512156	0.13090599906780698	-0.6718439225626641
-0.3520134827477754	-0.6582882514691604	-1.3354529489918512	-0.24237706946601167	0.21120848363464206	-1.413611976732227	-0.6582882514691596
-1.8476001317136832	0.15867327419508398	-0.7653342443205197	-0.5571688146958576	-0.12753000142387586	0.13090599906780698	0.1586732741950843
0.1338051913017312	-0.3571500129219552	-0.38149275444567604	-0.41768075870884963	0.1662896787067214	1.0576167845478273	-0.35715001292195453
-1.2388955604852823	0.4074890086839685	-0.13633171504174282	3.502862254065958	-0.4720030020548227	-1.413611976732227	0.40748900868396876
0.7140467859186925	-0.3514508169887272	1.373087975619921	-0.024891961803670298	-0.8299965623837502	0.13090599906780698	-0.35145081698872654
2.3752289676925047	1.2181544577801369	0.46995916141052607	-0.9250357297950547	0.39721168295331066	1.0576167845478273	1.2181544577801373
-0.377548987575613	-1.1875819568107853	-0.11832030066760636	0.7813061178409695	0.27407902496332864	0.13090599906780698	-1.1875819568107844
1.23905697482212	1.2707173539565035	-0.7911134458760117	-0.21939369367153702	0.994786989193922	1.0576167845478273	1.2707173539565038
1.1744917754104613	-1.1243168982067098	-0.21669129447961602	-0.7039413137752625	0.39182251538071533	1.0576167845478273	-1.1243168982067087
0.2713823404533805	-0.3263688596518901	0.38927893738701075	-0.7745167092709396	0.4465744627512691	0.13090599906780698	-0.32636885965188944
-0.06886103544559152	-0.7121746948343288	0.029373891396844074	0.0821466813972846	0.16146058703200936	0.13090599906780698	-0.712174694834328
0.9001637821544601	0.6907263730891537	-0.5658132145788144	6.596323527018632	-0.8772939382638479	1.0576167845478273	0.6907263730891542
0.23161358216736153	-0.00432750612341432	-0.4460289297874996	0.01756117715764004	0.7813950857654279	1.0576167845478273	-0.00432750612341382
-1.645217320813044	-0.5249307772395192	-0.6610585893812302	-0.4591143862240695	0.43093844929704256	-1.413611976732227	-0.5249307772395185
-1.378584136226044	-0.09728785134716737	0.7975528395811318	-0.4587680743210659	0.4231443000250801	-1.413611976732227	-0.0972878513471668
0.6463697597040263	-1.2906064518015161	0.8048312178170104	0.07083642084339473	-0.40499034985513777	0.13090599906780698	-1.290606451801515
-0.7972834756819452	-0.16338882137515506	-0.6810725610083685	-0.7121630513408709	-0.24486132793372248	1.0576167845478273	-0.16338882137515442
0.4691499717505857	-0.3810816193101765	3.167523943484496	2.0503739266810825	0.08407842199736056	1.0576167845478273	-0.3810816193101758
1.2970334499573293	0.007883156628732523	-0.17123119999937855	-0.7570673435651255	-0.19701647469637187	1.0576167845478273	0.00788315662873297
1.402296430768368	1.2696035451813021	-1.5729801670477466	-0.7537761333046635	0.2800751703711691	0.13090599906780698	1.269603545181302
0.7174148019140989	-1.19400863095314	0.5509306317072218	0.0011460227044766352	0.030738458867859395	1.0576167845478273	-1.194008630953139
0.4802594138709333	1.753851330689547	1.23631771204246	-0.7981982748798728	1.1503565038570753	0.13090599906780698	1.7538513306895471
-0.6221266625386005	-1.4333468068478679	0.5971135609745122	-0.5966069969267217	0.4946805639580783	-1.413611976732227	-1.4333468068478668
0.42745941966951445	0.886758105285084	1.0345580098136595	2.445709942755079	0.7011987316723379	1.0576167845478273	0.8867581052850844
1.0793335401128497	-1.41526502743653	0.20560272834720197	0.785924628336053	1.2005597337529856	0.13090599906780698	-1.4152650274365288
-2.2609311221951502	-0.8580808599714106	-1.1743307071653026	-0.6018121506589816	2.5414385916303996	0.13090599906780698	-0.8580808599714098
-0.48824571717048865	-0.49668074153051145	-1.1152485033130646	-0.793912893948842	0.7645785137710606	1.0576167845478273	-0.4966807415305107
-1.194186672887728	-0.7784444623423713	-2.014381154476212	-0.8758251957546994	0.7789189482331988	0.13090599906780698	-0.7784444623423705
-1.4078839783138095	0.20502398671673092	-2.468753762038047	-0.6118764715455316	0.3713874624408638	0.13090599906780698	0.2050239867167314
-1.3233365380923972	-1.1812893686490928	-0.7620333973582715	-0.5861256355566389	0.2715430230766537	0.13090599906780698	-1.1812893686490917
-0.4677682693465115	0.4070226328015983	-0.1694867716120301	1.5949244436918082	-0.33547527527697363	1.0576167845478273	0.40702263280159867
1.3330656695845404	1.2277603841644136	-0.8873093346080846	-0.8685511554372298	-0.23681206461490117	-1.413611976732227	1.2277603841644134
-0.46805814850432437	-0.45671473927545775	-0.7062298872278113	-0.40272839208124556	-0.011428990004547277	1.0576167845478273	-0.456714739275457
1.9227365059604042	2.8915602264523703	-0.08504151497075178	1.0845123669043235	0.13956458670018687	1.0576167845478273	2.8915602264523703
0.8416046963172356	0.27905715832061234	0.5416430495142234	-0.5617337155650682	-0.16357205049086534	-1.413611976732227	0.27905715832061256
-0.3505752230030969	0.6450934907908791	1.6176745321944612	0.2610448040960087	-0.16794784623066406	0.13090599906780698	0.6450934907908794
-1.86352728459026	-0.7831237881309129	-0.7793042762815875	-0.07488199943436932	-0.017867692755692766	-1.413611976732227	-0.783123788130912
0.4001457748650099	-0.5417666414094358	1.6002242763348868	-0.475531217027992	0.5126723816198675	0.13090599906780698	-0.5417666414094351
0.35678795122581186	0.1379355433208684	0.5542084842586846	-0.7621187316333762	0.7015721625140623	1.0576167845478273	0.1379355433208689
0.45494563138116767	0.9410459984786061	2.422134760634079	-0.03173722218331927	-0.5417412626598868	1.0576167845478273	0.9410459984786063
-1.0448111940353273	0.5708300662469228	-0.3741396439535939	0.25018103458077146	-2.4974734897717297	0.13090599906780698	0.5708300662469231
-0.29934774232026123	1.5513214301247256	-1.9566128211579221	-0.6954647471999792	0.6325479183977114	0.13090599906780698	1.5513214301247253
0.8179608303485219	0.6841417838561866	0.6324082599473712	-0.13236593211676934	0.4506678325423897	0.13090599906780698	0.6841417838561872
-0.48293822474603343	-0.8331061532542174	0.049966672651522125	0.043818736690232556	-1.8172840555693788	1.0576167845478273	-0.8331061532542167
1.0050984542822283	-1.222019397102218	-0.9542636445858591	-0.07458200297033064	0.602513132184589	1.0576167845478273	-1.2220193971022169
-0.3720257075668211	0.15049850688572383	1.0255629747965953	0.9535960744140687	-0.23616446868859917	1.0576167845478273	0.1504985068857243
0.18020416574990092	-0.5731756351522322	0.028786243402922858	-0.05067630387297453	-0.8322766630327438	1.0576167845478273	-0.5731756351522315
-1.9681133746995039	-1.0165748983002225	-1.421501687024199	-0.5796563863902708	-0.9524487453339434	1.0576167845478273	-1.0165748983002214
2.1541940171387033	1.735676076701888	0.35464363651715014	1.4758071488571747	-1.494649778538784	-1.413611976732227	1.735676076701888
2.4303896772951625	2.1690357713105075	-0.1192349008174714	-0.3698883227234901	0.2525056112942423	0.13090599906780698	2.1690357713105066
-0.9496471857568815	-0.20967244732156673	-0.9312237182748075	1.9047468752483374	0.5600283401124823	-1.413611976732227	-0.20967244732156606
-1.5866644565425259	0.04750684948087892	0.19849257795436098	-0.31992811763273105	-0.583420804501762	0.13090599906780698	0.04750684948087941
1.0357438056625565	-0.3146462507360372	-0.31690926530490576	-0.6100084183451914	0.4515973204896249	-1.413611976732227	-0.3146462507360365
-0.8020484632959302	-0.961308152403492	0.519681507066798	2.348165424643474	0.1953427487116828	1.0576167845478273	-0.9613081524034911
-0.10150012798883767	-1.1560401588956664	1.7660218336819837	0.3268072799962707	0.7251702667872928	0.13090599906780698	-1.1560401588956655
-0.3031310397241723	0.5631065058015459	1.6530294786078754	-0.8967209120747133	-0.45913023714113	1.0576167845478273	0.5631065058015463
0.48959346250092145	0.7538688121487414	-2.1818889199693032	1.5918326652452988	0.2259013183604363	1.0576167845478273	0.7538688121487415
0.8211993730837509	-1.0318229109529997	0.13480784341177224	0.35302376302721594	0.2524501699415587	1.0576167845478273	-1.0318229109529988
-0.24357154648560275	-0.9967933769106198	0.7371530959359897	0.32447665644898266	-0.08721839714979442	0.13090599906780698	-0.996793376910619
0.11515667728186532	-0.5034066604337004	-0.5843275929170727	-0.2116258381626791	0.5340710465254799	1.0576167845478273	-0.5034066604336996
1.3920823577251173	-0.518547915559879	1.2597376353420076	1.1554156240987679	-0.00916217071568238	1.0576167845478273	-0.5185479155598782
-1.153883611280878	0.09927665294239221	0.6487859712267959	0.5041955229641905	-0.7096674163094577	0.13090599906780698	0.09927665294239274
-0.822378790945402	-0.5502207263439712	-0.0550793317702467	-0.5495610945012347	-0.8616837784666301	-1.413611976732227	-0.5502207263439706
-0.568728588923911	-0.36469679738054966	1.339650046423221	-0.41275320330703646	-0.6248598802545298	0.13090599906780698	-0.36469679738054894
0.11161852823338672	-0.07088929774933572	0.9738958259838175	-0.8195074279338102	0.8771264595143065	1.0576167845478273	-0.07088929774933515
-1.7406507196730336	-0.8284647157245784	-0.08514615536903715	-0.4030421891615275	-0.12057139307848397	1.0576167845478273	-0.8284647157245774
-0.41183914272989763	1.324435823591704	-2.202238305196669	0.839930507426027	-1.868892466897438	1.0576167845478273	1.3244358235917042
-0.37418770332677254	-0.56158190009275	-1.1339692971073103	-0.013811956684724992	0.47951208230987197	-1.413611976732227	-0.5615819000927493
0.2188893928299181	-0.9428502910455515	-0.9989789301007642	-0.8808721632155928	0.28490514368756026	1.0576167845478273	-0.9428502910455506
-0.34437209643010713	-0.05308387751400188	0.2252997341235763	-0.48653394295493885	0.6333754366569189	0.13090599906780698	-0.05308387751400123
0.053274232866303416	0.254246057530116	1.5660951452322143	0.87801413242923	-0.8369412837568032	1.0576167845478273	0.2542460575301164
-0.34892959638454873	-0.7923044587635522	2.2219573333881404	-0.8132419136579554	0.1260853622291339	0.13090599906780698	-0.7923044587635512
-1.343696233069896	0.4318898929004902	-0.03293061193859744	0.28005814461320006	-1.136400054080977	1.0576167845478273	0.43188989290049057
-0.14536793510760906	-1.0969365223998704	-0.4853675801768955	0.2553910884625477	0.691689554794945	-1.413611976732227	-1.0969365223998697
-0.04199216402571932	-1.339465467663528	-0.3379604205459079	-0.7927946915402371	0.16417808664338468	-1.413611976732227	-1.3394654676635271
0.3122289045913959	0.4021807393270821	-0.3272059105161137	1.8411019094825518	-0.2890202220287221	1.0576167845478273	0.4021807393270826
-0.12541058733546143	-1.0848255165669753	-1.3722136786097008	-0.5910706136883472	-0.2858079157735742	1.0576167845478273	-1.0848255165669745
-0.5019921094273114	-0.8698669181404493	-1.204322374685635	0.4017165677297472	-0.885334901207707	0.13090599906780698	-0.8698669181404484
0.8251178668466634	-0.14488355368268907	0.16888093584752897	0.47952939436308395	0.3334087715178762	-1.413611976732227	-0.1448835536826885
-0.6602253590373874	-0.17977457722299633	0.022454278920078195	-0.7771149000482938	-0.5157367806650043	1.0576167845478273	-0.1797745772229957
1.6487967367867613	1.43523268567754	-2.1631408941237233	-0.4976379758182215	-0.6661334351711903	1.0576167845478273	1.4352326856775406
0.22616845849645792	-0.9486254512843498	-0.060397011268343744	0.27703833777088344	0.08803833662220042	0.13090599906780698	-0.948625451284349
-0.8459721734449506	0.26099936561085885	0.742549693777668	-0.1652733026534114	0.4161814806122457	-1.413611976732227	0.26099936561085935
1.6557605715315526	-0.2491325340316473	0.5039651236136418	-0.7484943179045234	-0.3536570597138099	-1.413611976732227	-0.24913253403164667
0.803934672728475	0.2785841016263502	0.16978314234499134	2.57821466525134	-0.674964114830327	-1.413611976732227	0.27858410162635056
-0.30824308552106616	-0.8632658397194556	0.41199890200546746	-0.6202086014533428	0.7111928442084167	0.13090599906780698	-0.8632658397194546
-0.9051107730785257	-0.990567297808693	1.3484252057247017	-0.30896176127870856	0.6248814776536659	1.0576167845478273	-0.9905672978086921
0.010211469223461589	0.2285840707135698	-0.9761281187940068	-0.7867093410821246	0.3806295039933446	1.0576167845478273	0.2285840707135702
1.8437896920333603	-0.8833250405899274	-0.8716409877148077	-0.14512791745547915	-0.03466327661953035	0.13090599906780698	-0.8833250405899267
-0.4267849792349471	0.4566761949038064	-0.4801363217833548	-0.47534251314333353	0.0597167268150188	-1.413611976732227	0.4566761949038068
0.2869301079783221	-0.15975330884992966	1.0427928022357154	-0.14735414969588642	0.20062271187550676	-1.413611976732227	-0.15975330884992905
0.6002701574695082	1.0146212519924633	0.20692141024106112	-0.20387490037508507	1.4438748623628583	1.0576167845478273	1.0146212519924636
-0.3845456843185546	-1.1068953608251528	0.45094598498071325	2.5796342036364504	-2.150086020534835	1.0576167845478273	-1.1068953608251522
0.34601279511333755	0.11725408947850209	1.8871439053251675	-0.7186230318506833	-0.7378891943545083	0.13090599906780698	0.1172540894785026
-0.10815125791951088	0.2490556651575798	0.6592633383556245	-0.40275194186560836	0.1865631401082316	0.13090599906780698	0.24905566515758026
0.060455857261942	0.36740720954261585	0.7014542635832418	0.8785475794946924	-1.5024335548531726	0.13090599906780698	0.3674072095426162
-0.6067629693999881	-0.22026843594542564	-0.22311691085017704	-0.5282283849254772	-0.5049885778270689	-1.413611976732227	-0.22026843594542503
0.3888402707684831	0.4609434699835852	-2.1156079429105468	2.5214336984226136	0.9615635134973858	0.13090599906780698	0.4609434699835856
-1.2179595239230252	-1.0991590382232517	-0.9249893779790217	-0.6654034015007505	0.08457244642424899	1.0576167845478273	-1.0991590382232508
-0.33337471770493804	-1.3067379125835434	-0.5135007936876622	-0.4730459957092569	-0.5939548007468965	-1.413611976732227	-1.3067379125835423
0.7021724174286066	-0.3176151193747392	0.2605630165220704	-0.8455972479139083	1.0683125720759732	-1.413611976732227	-0.31761511937473846
0.2909681201937304	0.6956448553147384	-0.18146886813225668	-0.8328284375241999	0.40886545111490347	1.0576167845478273	0.6956448553147387
0.9537573323141093	0.8543981666638252	-0.7522466953271949	0.8852590967787397	0.32727914682144094	-1.413611976732227	0.8543981666638253
-0.37940253151352127	0.19043617075868502	0.878254356365144	-0.5375611779382985	-0.6267933933668118	-1.413611976732227	0.1904361707586853
0.16338970289475455	-0.4414005649079908	-0.6260044297742922	0.6535219589595526	-0.27525231138547973	0.13090599906780698	-0.44140056490799007
0.2560941661032381	-1.0387241833591534	-1.1086419599621666	0.6869360965190767	-0.05115877802740393	-1.413611976732227	-1.0387241833591523
0.8306130170678753	2.0951029119315314	1.2815259173612426	-0.8040871664034045	-0.02645474497555773	1.0576167845478273	2.095102911931531
0.2723756187396252	-0.794180838008184	0.9969588763425303	0.6195568998084368	-0.9610582804535552	1.0576167845478273	-0.7941808380081831
-1.0969367678797253	0.8471954262018376	1.4693348573767002	2.3067498087007725	0.5423981377755335	-1.413611976732227	0.8471954262018376
0.5164554250982554	-0.7981853994129017	1.645702750332463	-0.8598506899945477	-0.16439406210721405	0.13090599906780698	-0.7981853994129008
1.1763141472483956	1.6251031387714372	1.6539469815653816	1.5131460882148806	0.1997068959787013	-1.413611976732227	1.6251031387714374
-1.6033676534203654	-1.2388876346244586	-0.7430726767257172	-0.5530336806579633	-0.674307189976015	0.13090599906780698	-1.2388876346244577
-0.7007119502442636	0.38437572835797956	-0.604597212717879	-0.2685852535228251	0.3480068657150836	-1.413611976732227	0.38437572835797995
1.5425732248290234	0.8253975492084596	1.0606237934768075	2.3587012526582125	0.35450553788201805	0.13090599906780698	0.8253975492084605
0.20823570386863302	-0.8562432588201104	0.4634822759721153	2.0226594524927677	1.049418488987956	1.0576167845478273	-0.8562432588201095
-1.6824488154420016	-0.694604395402974	-0.7028422128308994	-0.7142933099821375	0.8542592802231024	1.0576167845478273	-0.6946043954029733
-0.6532341812578607	0.3919364281104772	-0.35272452780049457	2.472346725406895	1.630695288515951	0.13090599906780698	0.3919364281104775
0.24084131933811057	0.28383935707533126	0.2943455006226075	-0.8788092117093059	-0.5529936400855677	1.0576167845478273	0.2838393570753315
0.5939902558842329	0.5730510165337562	0.6137934857153621	0.495423682664574	-0.20361293348077197	0.13090599906780698	0.5730510165337566
-0.5619382632385231	-1.1074636853330202	0.18656969255992562	-0.15515233827376537	0.6792589209972867	1.0576167845478273	-1.1074636853330193
1.7570641364468123	0.13634375347809827	-0.08515010488281356	-0.5277745022777619	1.3455099141267008	-1.413611976732227	0.1363437534780987
0.580972500726889	-1.3568617472348323	0.1596389377668735	-0.864159282480559	1.1426459760841077	0.13090599906780698	-1.3568617472348314
1.211963184992347	-0.12775064245323836	0.9123082009020209	-0.06802412073427072	-0.461706997927151	1.0576167845478273	-0.12775064245323775
2.731261467187931	-0.23104632819522677	0.5383311941282515	-0.449680101945873	0.632749055515149	0.13090599906780698	-0.23104632819522608
-2.4529156528754323	-0.26904989955544284	0.2712137693212432	-0.021575497544454553	0.589330097405184	0.13090599906780698	-0.2690498995554422
2.116069318731813	3.468048466981719	1.1530141729727086	0.703630081498885	0.3909145621890743	1.0576167845478273	3.468048466981719
0.30185505497516996	-1.13462539603363	-0.23019386132581734	0.7803006209542982	0.07755202488962115	0.13090599906780698	-1.134625396033629
2.0023155099701966	2.7247748608360824	-1.2591210244612645	-0.8387531610777799	0.545247093035447	1.0576167845478273	2.7247748608360824
0.2434760982863456	-0.2886071355862256	-0.7179639097308621	-0.2008117778794049	-0.048522403465358285	0.13090599906780698	-0.2886071355862249
-2.1208250501659776	-1.1813261860237267	0.3912319367169148	-0.26091518160249516	0.20041617920045368	1.0576167845478273	-1.1813261860237256
0.7707988529853153	-1.082975729612063	-1.809984001959046	-0.8570528637931842	0.4823495352419885	0.13090599906780698	-1.082975729612062
-0.5526832633210887	0.26823200319318363	1.050945306273078	0.14183433632958145	0.5482020405211868	-1.413611976732227	0.268232003193184
0.5802292357350342	0.15251413665730895	-0.8425691415526967	0.1040324636151422	-0.5975826884821478	1.0576167845478273	0.15251413665730962
-0.012644144748508767	-1.3018611795078117	-0.4311205751469508	-0.319072911330867	0.31196847299756547	0.13090599906780698	-1.3018611795078106
-1.1765004094124774	-0.6015582931322838	0.6456995865934043	-0.10065059513439895	0.2335849515779258	0.13090599906780698	-0.601558293132283
-0.44170797640014803	0.37065014273126373	-0.2370648048808501	0.38440161029962316	-0.2825778036723038	0.13090599906780698	0.3706501427312643
0.4134815543257612	1.6479374232592003	-0.06931625957290052	2.281566937456852	-0.6598618335982206	1.0576167845478273	1.6479374232592001
-1.705404984530194	-1.0281679368297487	-0.8196320363199454	-0.26805542717970376	-0.3229124313897928	1.0576167845478273	-1.0281679368297478
0.060983068136742646	1.8701414594300316	1.688119122585379	-0.6978362852326838	0.7111566670153517	-1.413611976732227	1.870141459430032
-1.5682573652549083	-0.9968846537751411	0.30663702187334313	-0.5933749580199502	0.08912020051701604	-1.413611976732227	-0.9968846537751404
0.3315257831997302	0.5051272056222627	0.4612936249345491	1.4787658379443318	-0.03635840733352803	0.13090599906780698	0.5051272056222631
-0.09482833591248252	-0.5510918496987535	0.9396489158553096	4.649396679370152	-0.24320842085437058	1.0576167845478273	-0.5510918496987526
-0.1589007364198928	1.1855101850226741	1.8344979657613079	2.8616205172969287	-1.0859455968592742	-1.413611976732227	1.1855101850226748
-0.4723381438454015	-1.114885640592038	1.4049492793664917	-0.7127954839922626	2.3453407009940257	0.13090599906780698	-1.114885640592037
1.9344044980382975	1.5070197822793037	-1.5958704979945346	-0.8995048349931504	-0.4551335296363702	1.0576167845478273	1.5070197822793032
-0.5406492589775765	0.3142769285207621	0.3925641123006841	0.164457526831135	0.32867756269743886	1.0576167845478273	0.31427692852076244
1.3296791649591586	-0.051371064896538775	0.2031936429009665	-0.7986470204408581	1.1061912588677087	0.13090599906780698	-0.05137106489653818
-0.05482160977987099	-0.4293088333979832	-0.7451844864527095	0.79337581772541	0.7587216991085505	0.13090599906780698	-0.42930883339798254
0.8241366874285394	2.277679427725955	0.20327064589254634	-0.8165218685175826	0.4372364082543323	1.0576167845478273	2.277679427725955
-1.808858005244793	-0.44198427467357515	-1.5422297214337446	0.491021974699532	-0.07935882495763166	0.13090599906780698	-0.4419842746735745
0.39719641977416237	-0.9243220933094761	-0.3053047636303038	-0.5021319422045486	-0.27375181203054233	0.13090599906780698	-0.9243220933094752
0.32989230348565207	0.6041838810924431	0.22317046773860835	-0.11530146979011895	-0.3324366105487627	-1.413611976732227	0.6041838810924434
-0.3958919612280597	-1.1517878620233069	-0.6858118149910433	1.145870119098174	0.20067153800916906	0.13090599906780698	-1.151787862023306
-1.1843707182494383	-1.424729280348708	0.42114167097230387	-0.8620338087960728	-0.3269132778227161	0.13090599906780698	-1.4247292803487066
-0.6309624129626588	-0.7763381319927711	-0.1697840505029031	-0.4921559043380417	2.122609148413859	1.0576167845478273	-0.7763381319927704
0.389682699247394	-1.03982552344564	0.3451623862339587	-0.7903556130246245	1.7178177399320846	1.0576167845478273	-1.039825523445639
-0.7405584737781598	-0.9246625687725598	1.5460945241170447	-0.33234568893330885	-0.8279348964191985	1.0576167845478273	-0.924662568772559
1.4805592628005908	1.2873445264842915	-0.10129070272792894	0.026668377015480162	0.22903006441245657	-1.413611976732227	1.2873445264842915
-0.029101970183511388	0.00313016887876818	0.3859938334050363	-0.8863056315421401	-0.09517084931304662	-1.413611976732227	0.003130168878768778
-0.39057478392811035	0.9286355603511676	-2.0740492102842234	0.77106699764118	0.4609522664309887	1.0576167845478273	0.9286355603511678
-1.067843923560992	-0.6733164733856278	0.4778547771234854	-0.32179450884457983	0.07317194497769602	-1.413611976732227	-0.6733164733856271
-0.1543733824302205	1.023645356672764	-0.3881933778474113	1.9332610924639095	-0.3016890506247855	0.13090599906780698	1.0236453566727644
-0.7891686032921879	-0.38715283376084364	0.6317059718615641	-0.9286025163518277	-0.4086252073676391	1.0576167845478273	-0.387152833760843
-0.14618932795819653	-0.15002420941668532	1.1760591354722418	-0.8206543226778067	0.2817908271553206	1.0576167845478273	-0.15002420941668473
-0.30352578481081277	-0.7752436584015506	1.0186257980653146	1.28341262889816	-4.004336670803687	0.13090599906780698	-0.7752436584015499
1.5513666294940223	0.26620922979331985	0.28911312386395743	-0.3041646373654342	0.0649591155034009	1.0576167845478273	0.26620922979332035
-1.4356284387595384	-1.332898784816006	0.9904381787837652	-0.8373811846769122	0.032871052799054334	1.0576167845478273	-1.3328987848160054
0.5412417191803748	-1.0355399849728464	-0.14940051492360942	-0.6921969145564161	-0.20475667790466748	0.13090599906780698	-1.0355399849728455
-0.09019828919168102	0.7632869244910485	-0.9662165527409093	-0.9263244620041297	-0.3981871922101004	-1.413611976732227	0.7632869244910486
-0.6013939789279487	-0.017456835934533538	-0.07011158352277636	1.2334222494937095	-0.014509678318071378	-1.413611976732227	-0.017456835934533045
0.5087271243160381	0.7479572493997103	1.4425043509447915	0.6704898264893304	-1.9465029868159236	0.13090599906780698	0.7479572493997102
-0.4922251809107349	-0.5773427323550147	0.1537225070298747	0.31865253141351	-0.12505820614812688	1.0576167845478273	-0.577342732355014
-0.8846907036158642	-0.11058254489130966	-1.0159338057075022	-0.004970638189281996	-0.11158164015629274	1.0576167845478273	-0.1105825448913091
1.4524053267752512	0.9745625659969559	-0.20937942585517336	-0.0009362687241409081	0.588527729463287	-1.413611976732227	0.9745625659969562
-1.2578058277805217	-1.0271944186285655	0.445300418589707	-0.7389850399534941	-0.07755677886638065	0.13090599906780698	-1.0271944186285646
-0.018686331647361318	-0.8953938238688435	-0.439253442995722	-0.27720888421763623	12.484502231412717	-1.413611976732227	-0.8953938238688425
-1.0781748405769132	-1.088741706968009	-1.9675841757750105	-0.8813595902344695	0.2462871579548419	1.0576167845478273	-1.088741706968008
-0.20554180927648197	-0.14233133049721447	-0.34938623795010904	-0.44406461014547566	1.1174735024091982	0.13090599906780698	-0.14233133049721391
-0.0996819990675944	-1.577684425945037	-0.0979677850290108	-0.46178432316525453	-0.007908524213660346	0.13090599906780698	-1.5776844259450356
-0.3450353623802288	-0.6213733089958186	-0.841323072530779	-0.8913407031252454	2.1773055900942717	-1.413611976732227	-0.6213733089958177
-1.1391093689037983	1.201642888052816	0.42521085527556535	1.6542261879916442	0.00046700634823162887	-1.413611976732227	1.2016428880528163
-0.050690045309554836	-0.9227622383463886	-1.5437779317523193	-0.6745914213222202	0.40978897190271335	-1.413611976732227	-0.9227622383463877
1.753451342988696	2.9185491962372963	-0.14206357544271211	-0.9111434374126677	-0.4253147222164593	1.0576167845478273	2.9185491962372954
-0.8860306908086546	-0.9111896443069324	0.5761815822599654	-0.8975318793404939	-0.6997820725483553	0.13090599906780698	-0.9111896443069315
0.026294884070224428	0.12305096650885396	0.7293930020072547	-0.9154074354622651	1.4652079901198458	1.0576167845478273	0.12305096650885443
-0.0407779923848321	-0.21297865510593175	-1.4342227202077558	-0.6601470649391438	-0.5721628991002956	1.0576167845478273	-0.2129786551059311
-0.07305504192955695	-0.5691472998906106	1.1488694879488068	0.2158429983146425	-0.17521458939443046	0.13090599906780698	-0.5691472998906099
0.5979651533689171	0.0683063405396193	0.3605344834059325	0.9318271731613718	0.30189955511153554	0.13090599906780698	0.0683063405396198
0.06203070756386608	0.9295506128332598	0.8135621461406884	0.4171592111429666	-0.965365728119908	1.0576167845478273	0.9295506128332596
0.24856294128937123	0.9702449852215012	-1.3125746624828052	0.7039134506184556	0.16774997719746168	-1.413611976732227	0.9702449852215015
0.06139711566995056	-1.1815564297952799	0.02833081434487457	-0.9238699325050046	0.8781569139128749	1.0576167845478273	-1.1815564297952785
-0.49173360498331714	-0.42909395944536616	-0.9521524318363341	-0.17988957656826818	1.6188301912177216	0.13090599906780698	-0.42909395944536555
1.0398536069362925	0.2497760113979708	0.18704243356660602	0.05878670884900072	-0.07896417541907003	0.13090599906780698	0.24977601139797123
0.9054049654437173	1.5871353107738857	-0.845459994400985	3.1408666869239306	0.2320881695069851	-1.413611976732227	1.5871353107738857
0.011414845710958554	2.1707119200373923	0.7106826496467444	-0.6743058285975696	-0.299592026393714	-1.413611976732227	2.1707119200373914
-0.09929507100342778	-0.9500279815664919	-0.7819236798365389	-0.515354169744976	-0.7105140207044677	0.13090599906780698	-0.950027981566491
0.12317894781671478	-0.9715636697973571	-0.19587716395391158	-0.14159186084669212	-0.6705098956771047	-1.413611976732227	-0.9715636697973561
-0.6305188041790654	-1.178902671528355	-0.13168943537557978	-0.5765066884404193	0.04185210477887913	0.13090599906780698	-1.1789026715283542
-0.9125264263672536	-0.3265267663906928	0.6060933887170564	1.1063423271854522	-0.9257366424745036	0.13090599906780698	-0.3265267663906921
-1.4060472485404265	-1.0313574271365276	0.2947426033059605	-0.6180199726883315	-0.11864596456779071	1.0576167845478273	-1.0313574271365265
1.9332610279481048	1.9889979741350825	-1.2772528807620565	0.15525332550650742	2.0036541544074984	0.13090599906780698	1.9889979741350823
0.7082850503660363	1.052711903457182	1.1501979257128816	-0.43760304968382807	-0.528655759739889	1.0576167845478273	1.0527119034571821
2.0315766725756745	0.6316237587577153	1.233859436907631	-0.9055486335851219	-0.2593206634938858	0.13090599906780698	0.6316237587577155
1.614161987540495	1.5834396832005169	1.1528463490989387	0.16583658768608392	-0.0934653908794882	1.0576167845478273	1.5834396832005169
0.2747487098884783	2.1837663172358956	1.2873353395206473	0.3871665076215279	0.03566786384145365	1.0576167845478273	2.1837663172358956
-0.4451610603617863	-0.4840693489565627	1.1586877199585346	-0.025397086508855932	-1.0806918269200363	0.13090599906780698	-0.484069348956562
0.9153007630343943	2.5711885708753903	0.13208478064192672	-0.8042050913265177	-0.07276709644759198	0.13090599906780698	2.571188570875391
0.5996705117871582	0.06612546574922004	1.1382248087877693	-0.5374865610098477	-0.6154630061829857	-1.413611976732227	0.06612546574922043
-0.06987914484328654	0.03405452711161293	0.2942615794845378	-0.5456010181821782	-0.3805588427411289	0.13090599906780698	0.03405452711161348
-0.26204403326002856	1.297449081774515	0.5544657641761377	0.5968067092361392	-1.024521832557653	1.0576167845478273	1.2974490817745146
1.0804007326099825	-0.7935663266353385	-0.4184424808145603	0.4053612784286313	-0.35318692175976135	0.13090599906780698	-0.7935663266353377
0.17039930616038837	-0.44236516168192236	-1.6255739643950624	1.3063313220850599	-0.1246101853054038	-1.413611976732227	-0.4423651616819216
2.778255464165519	-0.08306745832627375	-1.02914242545755	1.6422118506174257	0.31946905006892534	0.13090599906780698	-0.08306745832627321
0.521835488210153	0.5863635513190386	-0.35162601257196724	-0.8953701072772082	-0.2273684272538016	-1.413611976732227	0.586363551319039
-1.212749453672671	-0.3139371179957286	-2.092901986356298	-0.28874937816181134	0.43965545800962974	1.0576167845478273	-0.31393711799572793
1.424505806105185	0.099646535749963	-2.299923355948225	-0.6336738227008524	-0.5437171193915477	1.0576167845478273	0.0996465357499634
-1.143680993530563	-0.7082904585744884	-0.1542978344453615	-0.17999723316897967	-4.00167350162529	-1.413611976732227	-0.7082904585744876
0.57804561462734	-0.05783061069459131	-0.6160299460672058	-0.6013278879955294	0.013084029837914377	-1.413611976732227	-0.05783061069459078
-1.1704181544817571	0.19106615523070072	1.5601962432117489	-0.6975722324395082	-0.9492034902534136	1.0576167845478273	0.1910661552307012
2.5227044558012723	0.5264765414621325	0.1769663602138406	3.164246715342081	-0.19655973769264942	0.13090599906780698	0.5264765414621327
-1.3650887700066956	-0.9996609490368582	1.2973048216986556	-0.8202471627216644	-0.17371521962368203	-1.413611976732227	-0.9996609490368574
-0.9815614104866229	0.4878865337365324	0.3792936647955803	-0.7614173186566905	-0.8062324026594517	1.0576167845478273	0.48788653373653296
0.7097408563459524	1.6674484650298718	1.406610585942484	-0.25299082395782096	-0.08741626712207144	1.0576167845478273	1.667448465029872
-0.9708669665667984	-1.0715674825947208	-0.47231052128895934	-0.3893779570642222	-0.041820713884647205	1.0576167845478273	-1.07156748259472
0.41731890352606277	0.41542356623964205	-0.5689583227301304	-0.4209068616084662	0.910763790671336	1.0576167845478273	0.41542356623964233
0.9311000266455101	1.3035157755099067	-2.0071820076997073	0.49327982415203087	-1.6929766853154151	1.0576167845478273	1.303515775509907
